Theta, Alpha, Low_beta, High_beta, Gamma 

4.38004530395 , 0.660896727696 , 0.353198775378 , 0.247058620411 , 0.101995858113 ,
0.371931966501 , 1.06734571445 , 0.636659488545 , 0.326373857139 , 0.353385657968 ,
1.22185391977 , 0.227850511748 , 0.189075114722 , 0.100822619404 , 0.0956538893648 ,
2.04696308783 , 1.53052286844 , 0.331556801489 , 0.219076312773 , 0.113603491028 ,
2.24140611185 , 0.926018146766 , 0.674130103695 , 0.635414340129 , 0.142634376522 ,
4.38004530395 , 0.660896727696 , 0.353198775378 , 0.247058620411 , 0.101995858113 ,
0.371931966501 , 1.06734571445 , 0.636659488545 , 0.326373857139 , 0.353385657968 ,
1.22185391977 , 0.227850511748 , 0.189075114722 , 0.100822619404 , 0.0956538893648 ,
2.04696308783 , 1.53052286844 , 0.331556801489 , 0.219076312773 , 0.113603491028 ,
2.24140611185 , 0.926018146766 , 0.674130103695 , 0.635414340129 , 0.142634376522 ,
4.38004530395 , 0.660896727696 , 0.353198775378 , 0.247058620411 , 0.101995858113 ,
0.371931966501 , 1.06734571445 , 0.636659488545 , 0.326373857139 , 0.353385657968 ,
1.22185391977 , 0.227850511748 , 0.189075114722 , 0.100822619404 , 0.0956538893648 ,
2.04696308783 , 1.53052286844 , 0.331556801489 , 0.219076312773 , 0.113603491028 ,
2.24140611185 , 0.926018146766 , 0.674130103695 , 0.635414340129 , 0.142634376522 ,
1.1414429982 , 0.449182585027 , 0.23108410853 , 0.154035917381 , 0.146632448921 ,
0.314301733314 , 0.351497208677 , 1.0382901257 , 0.424461258597 , 0.455366846617 ,
0.396556946843 , 0.22394863951 , 0.131451011479 , 0.0991002560764 , 0.0847292803289 ,
1.15876261855 , 0.826072927691 , 0.272835427424 , 0.162297507468 , 0.117806197436 ,
1.75580064786 , 0.550421770818 , 0.254416598768 , 0.523809011387 , 0.135201921526 ,
1.1414429982 , 0.449182585027 , 0.23108410853 , 0.154035917381 , 0.146632448921 ,
0.314301733314 , 0.351497208677 , 1.0382901257 , 0.424461258597 , 0.455366846617 ,
0.396556946843 , 0.22394863951 , 0.131451011479 , 0.0991002560764 , 0.0847292803289 ,
1.15876261855 , 0.826072927691 , 0.272835427424 , 0.162297507468 , 0.117806197436 ,
1.75580064786 , 0.550421770818 , 0.254416598768 , 0.523809011387 , 0.135201921526 ,
1.1414429982 , 0.449182585027 , 0.23108410853 , 0.154035917381 , 0.146632448921 ,
0.314301733314 , 0.351497208677 , 1.0382901257 , 0.424461258597 , 0.455366846617 ,
0.396556946843 , 0.22394863951 , 0.131451011479 , 0.0991002560764 , 0.0847292803289 ,
1.15876261855 , 0.826072927691 , 0.272835427424 , 0.162297507468 , 0.117806197436 ,
1.75580064786 , 0.550421770818 , 0.254416598768 , 0.523809011387 , 0.135201921526 ,
1.1414429982 , 0.449182585027 , 0.23108410853 , 0.154035917381 , 0.146632448921 ,
0.314301733314 , 0.351497208677 , 1.0382901257 , 0.424461258597 , 0.455366846617 ,
0.396556946843 , 0.22394863951 , 0.131451011479 , 0.0991002560764 , 0.0847292803289 ,
1.15876261855 , 0.826072927691 , 0.272835427424 , 0.162297507468 , 0.117806197436 ,
1.75580064786 , 0.550421770818 , 0.254416598768 , 0.523809011387 , 0.135201921526 ,
1.1414429982 , 0.449182585027 , 0.23108410853 , 0.154035917381 , 0.146632448921 ,
0.314301733314 , 0.351497208677 , 1.0382901257 , 0.424461258597 , 0.455366846617 ,
0.396556946843 , 0.22394863951 , 0.131451011479 , 0.0991002560764 , 0.0847292803289 ,
1.15876261855 , 0.826072927691 , 0.272835427424 , 0.162297507468 , 0.117806197436 ,
1.75580064786 , 0.550421770818 , 0.254416598768 , 0.523809011387 , 0.135201921526 ,
2.1343544375 , 0.618007242064 , 0.52567742412 , 0.167184336645 , 0.11444392057 ,
0.369265223828 , 0.401482025787 , 1.51433282789 , 0.422691802378 , 0.47934152266 ,
0.276941077648 , 0.310624770697 , 0.186696440495 , 0.0623216154605 , 0.0656216681114 ,
1.20450712411 , 0.792780625565 , 0.580461990307 , 0.192909670044 , 0.108647819419 ,
2.22963082086 , 0.394807338821 , 0.597635547998 , 0.358954845695 , 0.129818580136 ,
2.1343544375 , 0.618007242064 , 0.52567742412 , 0.167184336645 , 0.11444392057 ,
0.369265223828 , 0.401482025787 , 1.51433282789 , 0.422691802378 , 0.47934152266 ,
0.276941077648 , 0.310624770697 , 0.186696440495 , 0.0623216154605 , 0.0656216681114 ,
1.20450712411 , 0.792780625565 , 0.580461990307 , 0.192909670044 , 0.108647819419 ,
2.22963082086 , 0.394807338821 , 0.597635547998 , 0.358954845695 , 0.129818580136 ,
2.1343544375 , 0.618007242064 , 0.52567742412 , 0.167184336645 , 0.11444392057 ,
0.369265223828 , 0.401482025787 , 1.51433282789 , 0.422691802378 , 0.47934152266 ,
0.276941077648 , 0.310624770697 , 0.186696440495 , 0.0623216154605 , 0.0656216681114 ,
1.20450712411 , 0.792780625565 , 0.580461990307 , 0.192909670044 , 0.108647819419 ,
2.22963082086 , 0.394807338821 , 0.597635547998 , 0.358954845695 , 0.129818580136 ,
2.1343544375 , 0.618007242064 , 0.52567742412 , 0.167184336645 , 0.11444392057 ,
0.369265223828 , 0.401482025787 , 1.51433282789 , 0.422691802378 , 0.47934152266 ,
0.276941077648 , 0.310624770697 , 0.186696440495 , 0.0623216154605 , 0.0656216681114 ,
1.20450712411 , 0.792780625565 , 0.580461990307 , 0.192909670044 , 0.108647819419 ,
2.22963082086 , 0.394807338821 , 0.597635547998 , 0.358954845695 , 0.129818580136 ,
2.1343544375 , 0.618007242064 , 0.52567742412 , 0.167184336645 , 0.11444392057 ,
0.369265223828 , 0.401482025787 , 1.51433282789 , 0.422691802378 , 0.47934152266 ,
0.276941077648 , 0.310624770697 , 0.186696440495 , 0.0623216154605 , 0.0656216681114 ,
1.20450712411 , 0.792780625565 , 0.580461990307 , 0.192909670044 , 0.108647819419 ,
2.22963082086 , 0.394807338821 , 0.597635547998 , 0.358954845695 , 0.129818580136 ,
2.47793345357 , 0.704087814007 , 0.917031190143 , 0.237758617336 , 0.0807183875932 ,
0.352247597804 , 0.410772234354 , 1.72196567602 , 0.445162594267 , 0.490258039813 ,
0.518480753092 , 0.635114791244 , 0.211218007873 , 0.0723493701367 , 0.0655100871929 ,
2.20551753308 , 0.460414354671 , 0.941748889572 , 0.349949774296 , 0.0985876911316 ,
2.12542319795 , 0.426724148769 , 1.05648547831 , 0.459296861935 , 0.0949705897254 ,
2.47793345357 , 0.704087814007 , 0.917031190143 , 0.237758617336 , 0.0807183875932 ,
0.352247597804 , 0.410772234354 , 1.72196567602 , 0.445162594267 , 0.490258039813 ,
0.518480753092 , 0.635114791244 , 0.211218007873 , 0.0723493701367 , 0.0655100871929 ,
2.20551753308 , 0.460414354671 , 0.941748889572 , 0.349949774296 , 0.0985876911316 ,
2.12542319795 , 0.426724148769 , 1.05648547831 , 0.459296861935 , 0.0949705897254 ,
2.47793345357 , 0.704087814007 , 0.917031190143 , 0.237758617336 , 0.0807183875932 ,
0.352247597804 , 0.410772234354 , 1.72196567602 , 0.445162594267 , 0.490258039813 ,
0.518480753092 , 0.635114791244 , 0.211218007873 , 0.0723493701367 , 0.0655100871929 ,
2.20551753308 , 0.460414354671 , 0.941748889572 , 0.349949774296 , 0.0985876911316 ,
2.12542319795 , 0.426724148769 , 1.05648547831 , 0.459296861935 , 0.0949705897254 ,
2.47793345357 , 0.704087814007 , 0.917031190143 , 0.237758617336 , 0.0807183875932 ,
0.352247597804 , 0.410772234354 , 1.72196567602 , 0.445162594267 , 0.490258039813 ,
0.518480753092 , 0.635114791244 , 0.211218007873 , 0.0723493701367 , 0.0655100871929 ,
2.20551753308 , 0.460414354671 , 0.941748889572 , 0.349949774296 , 0.0985876911316 ,
2.12542319795 , 0.426724148769 , 1.05648547831 , 0.459296861935 , 0.0949705897254 ,
2.47793345357 , 0.704087814007 , 0.917031190143 , 0.237758617336 , 0.0807183875932 ,
0.352247597804 , 0.410772234354 , 1.72196567602 , 0.445162594267 , 0.490258039813 ,
0.518480753092 , 0.635114791244 , 0.211218007873 , 0.0723493701367 , 0.0655100871929 ,
2.20551753308 , 0.460414354671 , 0.941748889572 , 0.349949774296 , 0.0985876911316 ,
2.12542319795 , 0.426724148769 , 1.05648547831 , 0.459296861935 , 0.0949705897254 ,
1.31125514151 , 0.676736731502 , 0.419140874142 , 0.328108104949 , 0.0836597050915 ,
0.434118901733 , 0.439836505422 , 1.42230631838 , 0.34458476898 , 0.390432002987 ,
0.335671088172 , 0.307275442511 , 0.132730842398 , 0.134703803939 , 0.0780272071636 ,
2.95662409694 , 0.57025808796 , 0.429017744018 , 0.276470936675 , 0.083550223637 ,
0.965757658813 , 0.728303886867 , 0.532916206488 , 0.711202523857 , 0.116123635193 ,
1.31125514151 , 0.676736731502 , 0.419140874142 , 0.328108104949 , 0.0836597050915 ,
0.434118901733 , 0.439836505422 , 1.42230631838 , 0.34458476898 , 0.390432002987 ,
0.335671088172 , 0.307275442511 , 0.132730842398 , 0.134703803939 , 0.0780272071636 ,
2.95662409694 , 0.57025808796 , 0.429017744018 , 0.276470936675 , 0.083550223637 ,
0.965757658813 , 0.728303886867 , 0.532916206488 , 0.711202523857 , 0.116123635193 ,
1.31125514151 , 0.676736731502 , 0.419140874142 , 0.328108104949 , 0.0836597050915 ,
0.434118901733 , 0.439836505422 , 1.42230631838 , 0.34458476898 , 0.390432002987 ,
0.335671088172 , 0.307275442511 , 0.132730842398 , 0.134703803939 , 0.0780272071636 ,
2.95662409694 , 0.57025808796 , 0.429017744018 , 0.276470936675 , 0.083550223637 ,
0.965757658813 , 0.728303886867 , 0.532916206488 , 0.711202523857 , 0.116123635193 ,
1.31125514151 , 0.676736731502 , 0.419140874142 , 0.328108104949 , 0.0836597050915 ,
0.434118901733 , 0.439836505422 , 1.42230631838 , 0.34458476898 , 0.390432002987 ,
0.335671088172 , 0.307275442511 , 0.132730842398 , 0.134703803939 , 0.0780272071636 ,
2.95662409694 , 0.57025808796 , 0.429017744018 , 0.276470936675 , 0.083550223637 ,
0.965757658813 , 0.728303886867 , 0.532916206488 , 0.711202523857 , 0.116123635193 ,
1.31125514151 , 0.676736731502 , 0.419140874142 , 0.328108104949 , 0.0836597050915 ,
0.434118901733 , 0.439836505422 , 1.42230631838 , 0.34458476898 , 0.390432002987 ,
0.335671088172 , 0.307275442511 , 0.132730842398 , 0.134703803939 , 0.0780272071636 ,
2.95662409694 , 0.57025808796 , 0.429017744018 , 0.276470936675 , 0.083550223637 ,
0.965757658813 , 0.728303886867 , 0.532916206488 , 0.711202523857 , 0.116123635193 ,
1.12796862686 , 0.787580794954 , 0.520690089718 , 0.297983591527 , 0.0718261986842 ,
0.618549870618 , 0.771769832062 , 1.37601979336 , 0.462437753506 , 0.329924790962 ,
0.372310474684 , 0.351099091623 , 0.194949618754 , 0.123268939103 , 0.110242846351 ,
1.13054245405 , 0.818673524 , 0.311685166254 , 0.127598141917 , 0.0964069117065 ,
0.755716192385 , 1.10585594758 , 0.556532318437 , 0.532212296589 , 0.125435521306 ,
1.12796862686 , 0.787580794954 , 0.520690089718 , 0.297983591527 , 0.0718261986842 ,
0.618549870618 , 0.771769832062 , 1.37601979336 , 0.462437753506 , 0.329924790962 ,
0.372310474684 , 0.351099091623 , 0.194949618754 , 0.123268939103 , 0.110242846351 ,
1.13054245405 , 0.818673524 , 0.311685166254 , 0.127598141917 , 0.0964069117065 ,
0.755716192385 , 1.10585594758 , 0.556532318437 , 0.532212296589 , 0.125435521306 ,
1.12796862686 , 0.787580794954 , 0.520690089718 , 0.297983591527 , 0.0718261986842 ,
0.618549870618 , 0.771769832062 , 1.37601979336 , 0.462437753506 , 0.329924790962 ,
0.372310474684 , 0.351099091623 , 0.194949618754 , 0.123268939103 , 0.110242846351 ,
1.13054245405 , 0.818673524 , 0.311685166254 , 0.127598141917 , 0.0964069117065 ,
0.755716192385 , 1.10585594758 , 0.556532318437 , 0.532212296589 , 0.125435521306 ,
1.12796862686 , 0.787580794954 , 0.520690089718 , 0.297983591527 , 0.0718261986842 ,
0.618549870618 , 0.771769832062 , 1.37601979336 , 0.462437753506 , 0.329924790962 ,
0.372310474684 , 0.351099091623 , 0.194949618754 , 0.123268939103 , 0.110242846351 ,
1.13054245405 , 0.818673524 , 0.311685166254 , 0.127598141917 , 0.0964069117065 ,
0.755716192385 , 1.10585594758 , 0.556532318437 , 0.532212296589 , 0.125435521306 ,
1.12796862686 , 0.787580794954 , 0.520690089718 , 0.297983591527 , 0.0718261986842 ,
0.618549870618 , 0.771769832062 , 1.37601979336 , 0.462437753506 , 0.329924790962 ,
0.372310474684 , 0.351099091623 , 0.194949618754 , 0.123268939103 , 0.110242846351 ,
1.13054245405 , 0.818673524 , 0.311685166254 , 0.127598141917 , 0.0964069117065 ,
0.755716192385 , 1.10585594758 , 0.556532318437 , 0.532212296589 , 0.125435521306 ,
2.00488018136 , 0.543957840431 , 0.406648330361 , 0.188500292346 , 0.0714385910322 ,
0.731304012764 , 1.08847552045 , 0.910055568286 , 0.514399320862 , 0.30945717275 ,
0.813327272406 , 0.321148946538 , 0.212112871339 , 0.117523025134 , 0.0971548981 ,
1.44772346053 , 0.452415689489 , 0.291477504411 , 0.116108923355 , 0.134445225341 ,
1.58835670995 , 1.02318694171 , 0.650703527535 , 0.402111747697 , 0.103478441381 ,
2.00488018136 , 0.543957840431 , 0.406648330361 , 0.188500292346 , 0.0714385910322 ,
0.731304012764 , 1.08847552045 , 0.910055568286 , 0.514399320862 , 0.30945717275 ,
0.813327272406 , 0.321148946538 , 0.212112871339 , 0.117523025134 , 0.0971548981 ,
1.44772346053 , 0.452415689489 , 0.291477504411 , 0.116108923355 , 0.134445225341 ,
1.58835670995 , 1.02318694171 , 0.650703527535 , 0.402111747697 , 0.103478441381 ,
2.00488018136 , 0.543957840431 , 0.406648330361 , 0.188500292346 , 0.0714385910322 ,
0.731304012764 , 1.08847552045 , 0.910055568286 , 0.514399320862 , 0.30945717275 ,
0.813327272406 , 0.321148946538 , 0.212112871339 , 0.117523025134 , 0.0971548981 ,
1.44772346053 , 0.452415689489 , 0.291477504411 , 0.116108923355 , 0.134445225341 ,
1.58835670995 , 1.02318694171 , 0.650703527535 , 0.402111747697 , 0.103478441381 ,
2.00488018136 , 0.543957840431 , 0.406648330361 , 0.188500292346 , 0.0714385910322 ,
0.731304012764 , 1.08847552045 , 0.910055568286 , 0.514399320862 , 0.30945717275 ,
0.813327272406 , 0.321148946538 , 0.212112871339 , 0.117523025134 , 0.0971548981 ,
1.44772346053 , 0.452415689489 , 0.291477504411 , 0.116108923355 , 0.134445225341 ,
1.58835670995 , 1.02318694171 , 0.650703527535 , 0.402111747697 , 0.103478441381 ,
2.00488018136 , 0.543957840431 , 0.406648330361 , 0.188500292346 , 0.0714385910322 ,
0.731304012764 , 1.08847552045 , 0.910055568286 , 0.514399320862 , 0.30945717275 ,
0.813327272406 , 0.321148946538 , 0.212112871339 , 0.117523025134 , 0.0971548981 ,
1.44772346053 , 0.452415689489 , 0.291477504411 , 0.116108923355 , 0.134445225341 ,
1.58835670995 , 1.02318694171 , 0.650703527535 , 0.402111747697 , 0.103478441381 ,
3.50689300064 , 0.424562577091 , 0.489800092718 , 0.374399931361 , 0.0846814840979 ,
0.490631932377 , 0.584684628953 , 0.698339213729 , 0.544085667067 , 0.504414114111 ,
1.9110545607 , 0.327273807704 , 0.192915681971 , 0.110179580087 , 0.0915181645964 ,
2.73313415734 , 0.390458715469 , 0.738611195328 , 0.295252490712 , 0.099495142408 ,
1.65399057192 , 0.727920461485 , 0.886458320543 , 0.687274596397 , 0.0988871640404 ,
3.50689300064 , 0.424562577091 , 0.489800092718 , 0.374399931361 , 0.0846814840979 ,
0.490631932377 , 0.584684628953 , 0.698339213729 , 0.544085667067 , 0.504414114111 ,
1.9110545607 , 0.327273807704 , 0.192915681971 , 0.110179580087 , 0.0915181645964 ,
2.73313415734 , 0.390458715469 , 0.738611195328 , 0.295252490712 , 0.099495142408 ,
1.65399057192 , 0.727920461485 , 0.886458320543 , 0.687274596397 , 0.0988871640404 ,
3.50689300064 , 0.424562577091 , 0.489800092718 , 0.374399931361 , 0.0846814840979 ,
0.490631932377 , 0.584684628953 , 0.698339213729 , 0.544085667067 , 0.504414114111 ,
1.9110545607 , 0.327273807704 , 0.192915681971 , 0.110179580087 , 0.0915181645964 ,
2.73313415734 , 0.390458715469 , 0.738611195328 , 0.295252490712 , 0.099495142408 ,
1.65399057192 , 0.727920461485 , 0.886458320543 , 0.687274596397 , 0.0988871640404 ,
3.50689300064 , 0.424562577091 , 0.489800092718 , 0.374399931361 , 0.0846814840979 ,
0.490631932377 , 0.584684628953 , 0.698339213729 , 0.544085667067 , 0.504414114111 ,
1.9110545607 , 0.327273807704 , 0.192915681971 , 0.110179580087 , 0.0915181645964 ,
2.73313415734 , 0.390458715469 , 0.738611195328 , 0.295252490712 , 0.099495142408 ,
1.65399057192 , 0.727920461485 , 0.886458320543 , 0.687274596397 , 0.0988871640404 ,
3.50689300064 , 0.424562577091 , 0.489800092718 , 0.374399931361 , 0.0846814840979 ,
0.490631932377 , 0.584684628953 , 0.698339213729 , 0.544085667067 , 0.504414114111 ,
1.9110545607 , 0.327273807704 , 0.192915681971 , 0.110179580087 , 0.0915181645964 ,
2.73313415734 , 0.390458715469 , 0.738611195328 , 0.295252490712 , 0.099495142408 ,
1.65399057192 , 0.727920461485 , 0.886458320543 , 0.687274596397 , 0.0988871640404 ,
1.20848705684 , 0.351896635691 , 0.404010802761 , 0.432580800123 , 0.0877620883596 ,
0.54842356991 , 0.203629436138 , 1.26731995045 , 0.418035767927 , 0.578369936745 ,
1.10104921558 , 0.314735510118 , 0.131056349482 , 0.0772251945019 , 0.098476369902 ,
1.09257204657 , 0.25362346636 , 0.716082942436 , 0.41813787487 , 0.106582090833 ,
0.747055820824 , 0.451279693514 , 0.438676679005 , 0.554621862483 , 0.0815053055392 ,
1.20848705684 , 0.351896635691 , 0.404010802761 , 0.432580800123 , 0.0877620883596 ,
0.54842356991 , 0.203629436138 , 1.26731995045 , 0.418035767927 , 0.578369936745 ,
1.10104921558 , 0.314735510118 , 0.131056349482 , 0.0772251945019 , 0.098476369902 ,
1.09257204657 , 0.25362346636 , 0.716082942436 , 0.41813787487 , 0.106582090833 ,
0.747055820824 , 0.451279693514 , 0.438676679005 , 0.554621862483 , 0.0815053055392 ,
1.20848705684 , 0.351896635691 , 0.404010802761 , 0.432580800123 , 0.0877620883596 ,
0.54842356991 , 0.203629436138 , 1.26731995045 , 0.418035767927 , 0.578369936745 ,
1.10104921558 , 0.314735510118 , 0.131056349482 , 0.0772251945019 , 0.098476369902 ,
1.09257204657 , 0.25362346636 , 0.716082942436 , 0.41813787487 , 0.106582090833 ,
0.747055820824 , 0.451279693514 , 0.438676679005 , 0.554621862483 , 0.0815053055392 ,
1.20848705684 , 0.351896635691 , 0.404010802761 , 0.432580800123 , 0.0877620883596 ,
0.54842356991 , 0.203629436138 , 1.26731995045 , 0.418035767927 , 0.578369936745 ,
1.10104921558 , 0.314735510118 , 0.131056349482 , 0.0772251945019 , 0.098476369902 ,
1.09257204657 , 0.25362346636 , 0.716082942436 , 0.41813787487 , 0.106582090833 ,
0.747055820824 , 0.451279693514 , 0.438676679005 , 0.554621862483 , 0.0815053055392 ,
1.20848705684 , 0.351896635691 , 0.404010802761 , 0.432580800123 , 0.0877620883596 ,
0.54842356991 , 0.203629436138 , 1.26731995045 , 0.418035767927 , 0.578369936745 ,
1.10104921558 , 0.314735510118 , 0.131056349482 , 0.0772251945019 , 0.098476369902 ,
1.09257204657 , 0.25362346636 , 0.716082942436 , 0.41813787487 , 0.106582090833 ,
0.747055820824 , 0.451279693514 , 0.438676679005 , 0.554621862483 , 0.0815053055392 ,
0.827270242407 , 0.677547450707 , 0.294212911358 , 0.379351068435 , 0.0658132718291 ,
0.38879471304 , 0.318248270498 , 1.35143675857 , 0.311121380548 , 0.513055763153 ,
0.233485264455 , 0.218015602439 , 0.11981844349 , 0.0651233271765 , 0.068114162802 ,
0.76005653819 , 0.570564466533 , 0.709693658118 , 0.507497932028 , 0.127754709365 ,
0.512244619856 , 0.733252144669 , 0.443901303647 , 0.637968766985 , 0.0669761313944 ,
0.827270242407 , 0.677547450707 , 0.294212911358 , 0.379351068435 , 0.0658132718291 ,
0.38879471304 , 0.318248270498 , 1.35143675857 , 0.311121380548 , 0.513055763153 ,
0.233485264455 , 0.218015602439 , 0.11981844349 , 0.0651233271765 , 0.068114162802 ,
0.76005653819 , 0.570564466533 , 0.709693658118 , 0.507497932028 , 0.127754709365 ,
0.512244619856 , 0.733252144669 , 0.443901303647 , 0.637968766985 , 0.0669761313944 ,
0.827270242407 , 0.677547450707 , 0.294212911358 , 0.379351068435 , 0.0658132718291 ,
0.38879471304 , 0.318248270498 , 1.35143675857 , 0.311121380548 , 0.513055763153 ,
0.233485264455 , 0.218015602439 , 0.11981844349 , 0.0651233271765 , 0.068114162802 ,
0.76005653819 , 0.570564466533 , 0.709693658118 , 0.507497932028 , 0.127754709365 ,
0.512244619856 , 0.733252144669 , 0.443901303647 , 0.637968766985 , 0.0669761313944 ,
0.827270242407 , 0.677547450707 , 0.294212911358 , 0.379351068435 , 0.0658132718291 ,
0.38879471304 , 0.318248270498 , 1.35143675857 , 0.311121380548 , 0.513055763153 ,
0.233485264455 , 0.218015602439 , 0.11981844349 , 0.0651233271765 , 0.068114162802 ,
0.76005653819 , 0.570564466533 , 0.709693658118 , 0.507497932028 , 0.127754709365 ,
0.512244619856 , 0.733252144669 , 0.443901303647 , 0.637968766985 , 0.0669761313944 ,
0.827270242407 , 0.677547450707 , 0.294212911358 , 0.379351068435 , 0.0658132718291 ,
0.38879471304 , 0.318248270498 , 1.35143675857 , 0.311121380548 , 0.513055763153 ,
0.233485264455 , 0.218015602439 , 0.11981844349 , 0.0651233271765 , 0.068114162802 ,
0.76005653819 , 0.570564466533 , 0.709693658118 , 0.507497932028 , 0.127754709365 ,
0.512244619856 , 0.733252144669 , 0.443901303647 , 0.637968766985 , 0.0669761313944 ,
1.55804572263 , 0.516602839248 , 0.309332432085 , 0.335632433675 , 0.0734228254504 ,
0.390903023061 , 0.330187119198 , 0.825755919992 , 0.31333719336 , 0.426032736862 ,
0.234386525923 , 0.448827542204 , 0.132320444252 , 0.0746277206608 , 0.0769700119796 ,
1.75543282599 , 1.31720080337 , 0.841052355002 , 0.539000387815 , 0.126186356021 ,
1.5978701485 , 0.794549089765 , 0.830752430168 , 0.64213099928 , 0.0741642344108 ,
1.55804572263 , 0.516602839248 , 0.309332432085 , 0.335632433675 , 0.0734228254504 ,
0.390903023061 , 0.330187119198 , 0.825755919992 , 0.31333719336 , 0.426032736862 ,
0.234386525923 , 0.448827542204 , 0.132320444252 , 0.0746277206608 , 0.0769700119796 ,
1.75543282599 , 1.31720080337 , 0.841052355002 , 0.539000387815 , 0.126186356021 ,
1.5978701485 , 0.794549089765 , 0.830752430168 , 0.64213099928 , 0.0741642344108 ,
1.55804572263 , 0.516602839248 , 0.309332432085 , 0.335632433675 , 0.0734228254504 ,
0.390903023061 , 0.330187119198 , 0.825755919992 , 0.31333719336 , 0.426032736862 ,
0.234386525923 , 0.448827542204 , 0.132320444252 , 0.0746277206608 , 0.0769700119796 ,
1.75543282599 , 1.31720080337 , 0.841052355002 , 0.539000387815 , 0.126186356021 ,
1.5978701485 , 0.794549089765 , 0.830752430168 , 0.64213099928 , 0.0741642344108 ,
1.55804572263 , 0.516602839248 , 0.309332432085 , 0.335632433675 , 0.0734228254504 ,
0.390903023061 , 0.330187119198 , 0.825755919992 , 0.31333719336 , 0.426032736862 ,
0.234386525923 , 0.448827542204 , 0.132320444252 , 0.0746277206608 , 0.0769700119796 ,
1.75543282599 , 1.31720080337 , 0.841052355002 , 0.539000387815 , 0.126186356021 ,
1.5978701485 , 0.794549089765 , 0.830752430168 , 0.64213099928 , 0.0741642344108 ,
1.55804572263 , 0.516602839248 , 0.309332432085 , 0.335632433675 , 0.0734228254504 ,
0.390903023061 , 0.330187119198 , 0.825755919992 , 0.31333719336 , 0.426032736862 ,
0.234386525923 , 0.448827542204 , 0.132320444252 , 0.0746277206608 , 0.0769700119796 ,
1.75543282599 , 1.31720080337 , 0.841052355002 , 0.539000387815 , 0.126186356021 ,
1.5978701485 , 0.794549089765 , 0.830752430168 , 0.64213099928 , 0.0741642344108 ,
1.94418804463 , 0.697362839891 , 0.286263784397 , 0.157713162966 , 0.134194654153 ,
0.409548324727 , 0.467428256725 , 0.397572419239 , 0.379814077665 , 0.411237075046 ,
0.308415747524 , 0.32469265354 , 0.127585373995 , 0.0989028916789 , 0.10059825917 ,
2.04965846597 , 1.65032792334 , 0.769613815473 , 0.298018548565 , 0.203764756443 ,
2.6039706837 , 1.24159564864 , 0.464130360489 , 0.196140891155 , 0.140511014544 ,
1.94418804463 , 0.697362839891 , 0.286263784397 , 0.157713162966 , 0.134194654153 ,
0.409548324727 , 0.467428256725 , 0.397572419239 , 0.379814077665 , 0.411237075046 ,
0.308415747524 , 0.32469265354 , 0.127585373995 , 0.0989028916789 , 0.10059825917 ,
2.04965846597 , 1.65032792334 , 0.769613815473 , 0.298018548565 , 0.203764756443 ,
2.6039706837 , 1.24159564864 , 0.464130360489 , 0.196140891155 , 0.140511014544 ,
1.94418804463 , 0.697362839891 , 0.286263784397 , 0.157713162966 , 0.134194654153 ,
0.409548324727 , 0.467428256725 , 0.397572419239 , 0.379814077665 , 0.411237075046 ,
0.308415747524 , 0.32469265354 , 0.127585373995 , 0.0989028916789 , 0.10059825917 ,
2.04965846597 , 1.65032792334 , 0.769613815473 , 0.298018548565 , 0.203764756443 ,
2.6039706837 , 1.24159564864 , 0.464130360489 , 0.196140891155 , 0.140511014544 ,
1.94418804463 , 0.697362839891 , 0.286263784397 , 0.157713162966 , 0.134194654153 ,
0.409548324727 , 0.467428256725 , 0.397572419239 , 0.379814077665 , 0.411237075046 ,
0.308415747524 , 0.32469265354 , 0.127585373995 , 0.0989028916789 , 0.10059825917 ,
2.04965846597 , 1.65032792334 , 0.769613815473 , 0.298018548565 , 0.203764756443 ,
2.6039706837 , 1.24159564864 , 0.464130360489 , 0.196140891155 , 0.140511014544 ,
1.94418804463 , 0.697362839891 , 0.286263784397 , 0.157713162966 , 0.134194654153 ,
0.409548324727 , 0.467428256725 , 0.397572419239 , 0.379814077665 , 0.411237075046 ,
0.308415747524 , 0.32469265354 , 0.127585373995 , 0.0989028916789 , 0.10059825917 ,
2.04965846597 , 1.65032792334 , 0.769613815473 , 0.298018548565 , 0.203764756443 ,
2.6039706837 , 1.24159564864 , 0.464130360489 , 0.196140891155 , 0.140511014544 ,
3.42171315758 , 1.00188953311 , 0.277974109483 , 0.240898577029 , 0.124497556598 ,
0.640675077894 , 0.438831103629 , 0.5548465641 , 0.38620490136 , 0.303534145091 ,
0.338688110735 , 0.195846626966 , 0.161654040881 , 0.223730700181 , 0.0863493993702 ,
2.74299015147 , 1.72854430685 , 0.580277912241 , 0.2664584902 , 0.160962975482 ,
4.77949327383 , 2.42027961741 , 0.542875214486 , 0.194261350645 , 0.140155497954 ,
3.42171315758 , 1.00188953311 , 0.277974109483 , 0.240898577029 , 0.124497556598 ,
0.640675077894 , 0.438831103629 , 0.5548465641 , 0.38620490136 , 0.303534145091 ,
0.338688110735 , 0.195846626966 , 0.161654040881 , 0.223730700181 , 0.0863493993702 ,
2.74299015147 , 1.72854430685 , 0.580277912241 , 0.2664584902 , 0.160962975482 ,
4.77949327383 , 2.42027961741 , 0.542875214486 , 0.194261350645 , 0.140155497954 ,
3.42171315758 , 1.00188953311 , 0.277974109483 , 0.240898577029 , 0.124497556598 ,
0.640675077894 , 0.438831103629 , 0.5548465641 , 0.38620490136 , 0.303534145091 ,
0.338688110735 , 0.195846626966 , 0.161654040881 , 0.223730700181 , 0.0863493993702 ,
2.74299015147 , 1.72854430685 , 0.580277912241 , 0.2664584902 , 0.160962975482 ,
4.77949327383 , 2.42027961741 , 0.542875214486 , 0.194261350645 , 0.140155497954 ,
3.42171315758 , 1.00188953311 , 0.277974109483 , 0.240898577029 , 0.124497556598 ,
0.640675077894 , 0.438831103629 , 0.5548465641 , 0.38620490136 , 0.303534145091 ,
0.338688110735 , 0.195846626966 , 0.161654040881 , 0.223730700181 , 0.0863493993702 ,
2.74299015147 , 1.72854430685 , 0.580277912241 , 0.2664584902 , 0.160962975482 ,
4.77949327383 , 2.42027961741 , 0.542875214486 , 0.194261350645 , 0.140155497954 ,
3.42171315758 , 1.00188953311 , 0.277974109483 , 0.240898577029 , 0.124497556598 ,
0.640675077894 , 0.438831103629 , 0.5548465641 , 0.38620490136 , 0.303534145091 ,
0.338688110735 , 0.195846626966 , 0.161654040881 , 0.223730700181 , 0.0863493993702 ,
2.74299015147 , 1.72854430685 , 0.580277912241 , 0.2664584902 , 0.160962975482 ,
4.77949327383 , 2.42027961741 , 0.542875214486 , 0.194261350645 , 0.140155497954 ,
1.48874385622 , 0.481513251396 , 0.492910459214 , 0.297503136349 , 0.0993341525336 ,
0.535397354872 , 0.733099626404 , 0.720024012286 , 0.544812303493 , 0.222174809531 ,
0.361088954958 , 0.301864213887 , 0.197257353941 , 0.24077752049 , 0.0762616034426 ,
2.21169729414 , 0.930114877403 , 0.545456546771 , 0.235083324931 , 0.160421011229 ,
2.65244213153 , 1.4224425244 , 0.818378490038 , 0.210325700329 , 0.185432129502 ,
1.48874385622 , 0.481513251396 , 0.492910459214 , 0.297503136349 , 0.0993341525336 ,
0.535397354872 , 0.733099626404 , 0.720024012286 , 0.544812303493 , 0.222174809531 ,
0.361088954958 , 0.301864213887 , 0.197257353941 , 0.24077752049 , 0.0762616034426 ,
2.21169729414 , 0.930114877403 , 0.545456546771 , 0.235083324931 , 0.160421011229 ,
2.65244213153 , 1.4224425244 , 0.818378490038 , 0.210325700329 , 0.185432129502 ,
1.48874385622 , 0.481513251396 , 0.492910459214 , 0.297503136349 , 0.0993341525336 ,
0.535397354872 , 0.733099626404 , 0.720024012286 , 0.544812303493 , 0.222174809531 ,
0.361088954958 , 0.301864213887 , 0.197257353941 , 0.24077752049 , 0.0762616034426 ,
2.21169729414 , 0.930114877403 , 0.545456546771 , 0.235083324931 , 0.160421011229 ,
2.65244213153 , 1.4224425244 , 0.818378490038 , 0.210325700329 , 0.185432129502 ,
1.48874385622 , 0.481513251396 , 0.492910459214 , 0.297503136349 , 0.0993341525336 ,
0.535397354872 , 0.733099626404 , 0.720024012286 , 0.544812303493 , 0.222174809531 ,
0.361088954958 , 0.301864213887 , 0.197257353941 , 0.24077752049 , 0.0762616034426 ,
2.21169729414 , 0.930114877403 , 0.545456546771 , 0.235083324931 , 0.160421011229 ,
2.65244213153 , 1.4224425244 , 0.818378490038 , 0.210325700329 , 0.185432129502 ,
1.48874385622 , 0.481513251396 , 0.492910459214 , 0.297503136349 , 0.0993341525336 ,
0.535397354872 , 0.733099626404 , 0.720024012286 , 0.544812303493 , 0.222174809531 ,
0.361088954958 , 0.301864213887 , 0.197257353941 , 0.24077752049 , 0.0762616034426 ,
2.21169729414 , 0.930114877403 , 0.545456546771 , 0.235083324931 , 0.160421011229 ,
2.65244213153 , 1.4224425244 , 0.818378490038 , 0.210325700329 , 0.185432129502 ,
0.340424821319 , 0.276489380088 , 0.596056597235 , 0.170156530241 , 0.108343791372 ,
0.720643922644 , 1.50432453757 , 0.454826384446 , 0.427807760732 , 0.239167264129 ,
0.458099304791 , 0.396643570574 , 0.101247875493 , 0.121362300951 , 0.0712697608914 ,
0.707397322607 , 0.751493989554 , 0.509333851079 , 0.182347956814 , 0.123638884363 ,
0.767145860989 , 0.58081547881 , 0.601810176129 , 0.214663363834 , 0.144229790095 ,
0.340424821319 , 0.276489380088 , 0.596056597235 , 0.170156530241 , 0.108343791372 ,
0.720643922644 , 1.50432453757 , 0.454826384446 , 0.427807760732 , 0.239167264129 ,
0.458099304791 , 0.396643570574 , 0.101247875493 , 0.121362300951 , 0.0712697608914 ,
0.707397322607 , 0.751493989554 , 0.509333851079 , 0.182347956814 , 0.123638884363 ,
0.767145860989 , 0.58081547881 , 0.601810176129 , 0.214663363834 , 0.144229790095 ,
0.340424821319 , 0.276489380088 , 0.596056597235 , 0.170156530241 , 0.108343791372 ,
0.720643922644 , 1.50432453757 , 0.454826384446 , 0.427807760732 , 0.239167264129 ,
0.458099304791 , 0.396643570574 , 0.101247875493 , 0.121362300951 , 0.0712697608914 ,
0.707397322607 , 0.751493989554 , 0.509333851079 , 0.182347956814 , 0.123638884363 ,
0.767145860989 , 0.58081547881 , 0.601810176129 , 0.214663363834 , 0.144229790095 ,
0.340424821319 , 0.276489380088 , 0.596056597235 , 0.170156530241 , 0.108343791372 ,
0.720643922644 , 1.50432453757 , 0.454826384446 , 0.427807760732 , 0.239167264129 ,
0.458099304791 , 0.396643570574 , 0.101247875493 , 0.121362300951 , 0.0712697608914 ,
0.707397322607 , 0.751493989554 , 0.509333851079 , 0.182347956814 , 0.123638884363 ,
0.767145860989 , 0.58081547881 , 0.601810176129 , 0.214663363834 , 0.144229790095 ,
0.340424821319 , 0.276489380088 , 0.596056597235 , 0.170156530241 , 0.108343791372 ,
0.720643922644 , 1.50432453757 , 0.454826384446 , 0.427807760732 , 0.239167264129 ,
0.458099304791 , 0.396643570574 , 0.101247875493 , 0.121362300951 , 0.0712697608914 ,
0.707397322607 , 0.751493989554 , 0.509333851079 , 0.182347956814 , 0.123638884363 ,
0.767145860989 , 0.58081547881 , 0.601810176129 , 0.214663363834 , 0.144229790095 ,
0.510376746903 , 0.585462245618 , 0.407615573509 , 0.237071115084 , 0.140530269958 ,
0.471272518937 , 0.981260726727 , 0.308338426791 , 0.35474795387 , 0.308998359863 ,
0.471114830548 , 0.383467292849 , 0.0976297164296 , 0.0705040148338 , 0.0832218825439 ,
0.811890669298 , 0.461519962235 , 0.339054026169 , 0.250181906233 , 0.0844945880174 ,
0.62256506251 , 0.683701337823 , 0.350654501182 , 0.307045329925 , 0.0928279316959 ,
0.510376746903 , 0.585462245618 , 0.407615573509 , 0.237071115084 , 0.140530269958 ,
0.471272518937 , 0.981260726727 , 0.308338426791 , 0.35474795387 , 0.308998359863 ,
0.471114830548 , 0.383467292849 , 0.0976297164296 , 0.0705040148338 , 0.0832218825439 ,
0.811890669298 , 0.461519962235 , 0.339054026169 , 0.250181906233 , 0.0844945880174 ,
0.62256506251 , 0.683701337823 , 0.350654501182 , 0.307045329925 , 0.0928279316959 ,
0.510376746903 , 0.585462245618 , 0.407615573509 , 0.237071115084 , 0.140530269958 ,
0.471272518937 , 0.981260726727 , 0.308338426791 , 0.35474795387 , 0.308998359863 ,
0.471114830548 , 0.383467292849 , 0.0976297164296 , 0.0705040148338 , 0.0832218825439 ,
0.811890669298 , 0.461519962235 , 0.339054026169 , 0.250181906233 , 0.0844945880174 ,
0.62256506251 , 0.683701337823 , 0.350654501182 , 0.307045329925 , 0.0928279316959 ,
0.510376746903 , 0.585462245618 , 0.407615573509 , 0.237071115084 , 0.140530269958 ,
0.471272518937 , 0.981260726727 , 0.308338426791 , 0.35474795387 , 0.308998359863 ,
0.471114830548 , 0.383467292849 , 0.0976297164296 , 0.0705040148338 , 0.0832218825439 ,
0.811890669298 , 0.461519962235 , 0.339054026169 , 0.250181906233 , 0.0844945880174 ,
0.62256506251 , 0.683701337823 , 0.350654501182 , 0.307045329925 , 0.0928279316959 ,
0.510376746903 , 0.585462245618 , 0.407615573509 , 0.237071115084 , 0.140530269958 ,
0.471272518937 , 0.981260726727 , 0.308338426791 , 0.35474795387 , 0.308998359863 ,
0.471114830548 , 0.383467292849 , 0.0976297164296 , 0.0705040148338 , 0.0832218825439 ,
0.811890669298 , 0.461519962235 , 0.339054026169 , 0.250181906233 , 0.0844945880174 ,
0.62256506251 , 0.683701337823 , 0.350654501182 , 0.307045329925 , 0.0928279316959 ,
0.660862869013 , 0.428939761339 , 0.384785825923 , 0.379193303762 , 0.11645159676 ,
0.335762295904 , 0.362285841975 , 0.354341608341 , 0.317826304522 , 0.273193154369 ,
0.241367744624 , 0.394394427573 , 0.149578005935 , 0.0968431630763 , 0.084316090002 ,
0.426209187669 , 0.486827296195 , 0.569458697986 , 0.334112325461 , 0.0691118023337 ,
0.764992282616 , 0.538620965447 , 0.443808079711 , 0.429839105747 , 0.0555847643627 ,
0.660862869013 , 0.428939761339 , 0.384785825923 , 0.379193303762 , 0.11645159676 ,
0.335762295904 , 0.362285841975 , 0.354341608341 , 0.317826304522 , 0.273193154369 ,
0.241367744624 , 0.394394427573 , 0.149578005935 , 0.0968431630763 , 0.084316090002 ,
0.426209187669 , 0.486827296195 , 0.569458697986 , 0.334112325461 , 0.0691118023337 ,
0.764992282616 , 0.538620965447 , 0.443808079711 , 0.429839105747 , 0.0555847643627 ,
0.660862869013 , 0.428939761339 , 0.384785825923 , 0.379193303762 , 0.11645159676 ,
0.335762295904 , 0.362285841975 , 0.354341608341 , 0.317826304522 , 0.273193154369 ,
0.241367744624 , 0.394394427573 , 0.149578005935 , 0.0968431630763 , 0.084316090002 ,
0.426209187669 , 0.486827296195 , 0.569458697986 , 0.334112325461 , 0.0691118023337 ,
0.764992282616 , 0.538620965447 , 0.443808079711 , 0.429839105747 , 0.0555847643627 ,
0.660862869013 , 0.428939761339 , 0.384785825923 , 0.379193303762 , 0.11645159676 ,
0.335762295904 , 0.362285841975 , 0.354341608341 , 0.317826304522 , 0.273193154369 ,
0.241367744624 , 0.394394427573 , 0.149578005935 , 0.0968431630763 , 0.084316090002 ,
0.426209187669 , 0.486827296195 , 0.569458697986 , 0.334112325461 , 0.0691118023337 ,
0.764992282616 , 0.538620965447 , 0.443808079711 , 0.429839105747 , 0.0555847643627 ,
0.660862869013 , 0.428939761339 , 0.384785825923 , 0.379193303762 , 0.11645159676 ,
0.335762295904 , 0.362285841975 , 0.354341608341 , 0.317826304522 , 0.273193154369 ,
0.241367744624 , 0.394394427573 , 0.149578005935 , 0.0968431630763 , 0.084316090002 ,
0.426209187669 , 0.486827296195 , 0.569458697986 , 0.334112325461 , 0.0691118023337 ,
0.764992282616 , 0.538620965447 , 0.443808079711 , 0.429839105747 , 0.0555847643627 ,
0.829941912319 , 0.536247265762 , 0.413208865894 , 0.254791130078 , 0.109780064269 ,
0.787198002012 , 0.221101468239 , 0.467197158836 , 0.295656448169 , 0.285196639203 ,
0.110653551382 , 0.185996716383 , 0.188121563655 , 0.107871227984 , 0.0867939101531 ,
0.272157262342 , 0.977671790497 , 0.371534023155 , 0.302466332355 , 0.0745568013716 ,
0.913400005836 , 0.542930972163 , 0.424186075246 , 0.331387441614 , 0.0676193536285 ,
0.829941912319 , 0.536247265762 , 0.413208865894 , 0.254791130078 , 0.109780064269 ,
0.787198002012 , 0.221101468239 , 0.467197158836 , 0.295656448169 , 0.285196639203 ,
0.110653551382 , 0.185996716383 , 0.188121563655 , 0.107871227984 , 0.0867939101531 ,
0.272157262342 , 0.977671790497 , 0.371534023155 , 0.302466332355 , 0.0745568013716 ,
0.913400005836 , 0.542930972163 , 0.424186075246 , 0.331387441614 , 0.0676193536285 ,
0.829941912319 , 0.536247265762 , 0.413208865894 , 0.254791130078 , 0.109780064269 ,
0.787198002012 , 0.221101468239 , 0.467197158836 , 0.295656448169 , 0.285196639203 ,
0.110653551382 , 0.185996716383 , 0.188121563655 , 0.107871227984 , 0.0867939101531 ,
0.272157262342 , 0.977671790497 , 0.371534023155 , 0.302466332355 , 0.0745568013716 ,
0.913400005836 , 0.542930972163 , 0.424186075246 , 0.331387441614 , 0.0676193536285 ,
0.829941912319 , 0.536247265762 , 0.413208865894 , 0.254791130078 , 0.109780064269 ,
0.787198002012 , 0.221101468239 , 0.467197158836 , 0.295656448169 , 0.285196639203 ,
0.110653551382 , 0.185996716383 , 0.188121563655 , 0.107871227984 , 0.0867939101531 ,
0.272157262342 , 0.977671790497 , 0.371534023155 , 0.302466332355 , 0.0745568013716 ,
0.913400005836 , 0.542930972163 , 0.424186075246 , 0.331387441614 , 0.0676193536285 ,
0.829941912319 , 0.536247265762 , 0.413208865894 , 0.254791130078 , 0.109780064269 ,
0.787198002012 , 0.221101468239 , 0.467197158836 , 0.295656448169 , 0.285196639203 ,
0.110653551382 , 0.185996716383 , 0.188121563655 , 0.107871227984 , 0.0867939101531 ,
0.272157262342 , 0.977671790497 , 0.371534023155 , 0.302466332355 , 0.0745568013716 ,
0.913400005836 , 0.542930972163 , 0.424186075246 , 0.331387441614 , 0.0676193536285 ,
0.73651413088 , 0.683100104187 , 0.387685806951 , 0.242363540253 , 0.108835696106 ,
0.933002446898 , 0.470710400921 , 0.582199685263 , 0.405754663188 , 0.247773277469 ,
0.172453599722 , 0.154134166803 , 0.181843967865 , 0.0800304870131 , 0.0991834684576 ,
0.691438362221 , 0.949492944676 , 0.398992392749 , 0.284888101751 , 0.139392022954 ,
1.21797161442 , 0.791378486502 , 0.329742794948 , 0.302782946534 , 0.0867901179078 ,
0.73651413088 , 0.683100104187 , 0.387685806951 , 0.242363540253 , 0.108835696106 ,
0.933002446898 , 0.470710400921 , 0.582199685263 , 0.405754663188 , 0.247773277469 ,
0.172453599722 , 0.154134166803 , 0.181843967865 , 0.0800304870131 , 0.0991834684576 ,
0.691438362221 , 0.949492944676 , 0.398992392749 , 0.284888101751 , 0.139392022954 ,
1.21797161442 , 0.791378486502 , 0.329742794948 , 0.302782946534 , 0.0867901179078 ,
0.73651413088 , 0.683100104187 , 0.387685806951 , 0.242363540253 , 0.108835696106 ,
0.933002446898 , 0.470710400921 , 0.582199685263 , 0.405754663188 , 0.247773277469 ,
0.172453599722 , 0.154134166803 , 0.181843967865 , 0.0800304870131 , 0.0991834684576 ,
0.691438362221 , 0.949492944676 , 0.398992392749 , 0.284888101751 , 0.139392022954 ,
1.21797161442 , 0.791378486502 , 0.329742794948 , 0.302782946534 , 0.0867901179078 ,
0.73651413088 , 0.683100104187 , 0.387685806951 , 0.242363540253 , 0.108835696106 ,
0.933002446898 , 0.470710400921 , 0.582199685263 , 0.405754663188 , 0.247773277469 ,
0.172453599722 , 0.154134166803 , 0.181843967865 , 0.0800304870131 , 0.0991834684576 ,
0.691438362221 , 0.949492944676 , 0.398992392749 , 0.284888101751 , 0.139392022954 ,
1.21797161442 , 0.791378486502 , 0.329742794948 , 0.302782946534 , 0.0867901179078 ,
0.73651413088 , 0.683100104187 , 0.387685806951 , 0.242363540253 , 0.108835696106 ,
0.933002446898 , 0.470710400921 , 0.582199685263 , 0.405754663188 , 0.247773277469 ,
0.172453599722 , 0.154134166803 , 0.181843967865 , 0.0800304870131 , 0.0991834684576 ,
0.691438362221 , 0.949492944676 , 0.398992392749 , 0.284888101751 , 0.139392022954 ,
1.21797161442 , 0.791378486502 , 0.329742794948 , 0.302782946534 , 0.0867901179078 ,
0.640338549487 , 0.892833552931 , 0.297151914542 , 0.190098736834 , 0.0947382635247 ,
1.74884483959 , 1.17355943858 , 0.464621162164 , 0.350407153923 , 0.193517166191 ,
0.229628075919 , 0.371134028104 , 0.131042354116 , 0.0991439107651 , 0.0667692213475 ,
1.30601806709 , 1.26968055966 , 0.604389566797 , 0.30402653375 , 0.196824543604 ,
1.03450491918 , 1.35654434872 , 0.256674723824 , 0.330588954034 , 0.0710969146396 ,
0.640338549487 , 0.892833552931 , 0.297151914542 , 0.190098736834 , 0.0947382635247 ,
1.74884483959 , 1.17355943858 , 0.464621162164 , 0.350407153923 , 0.193517166191 ,
0.229628075919 , 0.371134028104 , 0.131042354116 , 0.0991439107651 , 0.0667692213475 ,
1.30601806709 , 1.26968055966 , 0.604389566797 , 0.30402653375 , 0.196824543604 ,
1.03450491918 , 1.35654434872 , 0.256674723824 , 0.330588954034 , 0.0710969146396 ,
0.640338549487 , 0.892833552931 , 0.297151914542 , 0.190098736834 , 0.0947382635247 ,
1.74884483959 , 1.17355943858 , 0.464621162164 , 0.350407153923 , 0.193517166191 ,
0.229628075919 , 0.371134028104 , 0.131042354116 , 0.0991439107651 , 0.0667692213475 ,
1.30601806709 , 1.26968055966 , 0.604389566797 , 0.30402653375 , 0.196824543604 ,
1.03450491918 , 1.35654434872 , 0.256674723824 , 0.330588954034 , 0.0710969146396 ,
0.640338549487 , 0.892833552931 , 0.297151914542 , 0.190098736834 , 0.0947382635247 ,
1.74884483959 , 1.17355943858 , 0.464621162164 , 0.350407153923 , 0.193517166191 ,
0.229628075919 , 0.371134028104 , 0.131042354116 , 0.0991439107651 , 0.0667692213475 ,
1.30601806709 , 1.26968055966 , 0.604389566797 , 0.30402653375 , 0.196824543604 ,
1.03450491918 , 1.35654434872 , 0.256674723824 , 0.330588954034 , 0.0710969146396 ,
0.640338549487 , 0.892833552931 , 0.297151914542 , 0.190098736834 , 0.0947382635247 ,
1.74884483959 , 1.17355943858 , 0.464621162164 , 0.350407153923 , 0.193517166191 ,
0.229628075919 , 0.371134028104 , 0.131042354116 , 0.0991439107651 , 0.0667692213475 ,
1.30601806709 , 1.26968055966 , 0.604389566797 , 0.30402653375 , 0.196824543604 ,
1.03450491918 , 1.35654434872 , 0.256674723824 , 0.330588954034 , 0.0710969146396 ,
3.46839836551 , 1.35295638391 , 0.424186554996 , 0.199896453404 , 0.0976991206318 ,
6.68748334571 , 1.81185058765 , 0.778859753552 , 0.466127901901 , 0.218088786507 ,
0.290667127345 , 0.399441205898 , 0.239433229083 , 0.158933663481 , 0.0525232422824 ,
4.76571587154 , 2.1781381388 , 0.984180129352 , 0.350690511915 , 0.182313798842 ,
6.10117731671 , 2.43017352129 , 0.30275536072 , 0.320305913213 , 0.0823550740245 ,
3.46839836551 , 1.35295638391 , 0.424186554996 , 0.199896453404 , 0.0976991206318 ,
6.68748334571 , 1.81185058765 , 0.778859753552 , 0.466127901901 , 0.218088786507 ,
0.290667127345 , 0.399441205898 , 0.239433229083 , 0.158933663481 , 0.0525232422824 ,
4.76571587154 , 2.1781381388 , 0.984180129352 , 0.350690511915 , 0.182313798842 ,
6.10117731671 , 2.43017352129 , 0.30275536072 , 0.320305913213 , 0.0823550740245 ,
3.46839836551 , 1.35295638391 , 0.424186554996 , 0.199896453404 , 0.0976991206318 ,
6.68748334571 , 1.81185058765 , 0.778859753552 , 0.466127901901 , 0.218088786507 ,
0.290667127345 , 0.399441205898 , 0.239433229083 , 0.158933663481 , 0.0525232422824 ,
4.76571587154 , 2.1781381388 , 0.984180129352 , 0.350690511915 , 0.182313798842 ,
6.10117731671 , 2.43017352129 , 0.30275536072 , 0.320305913213 , 0.0823550740245 ,
3.46839836551 , 1.35295638391 , 0.424186554996 , 0.199896453404 , 0.0976991206318 ,
6.68748334571 , 1.81185058765 , 0.778859753552 , 0.466127901901 , 0.218088786507 ,
0.290667127345 , 0.399441205898 , 0.239433229083 , 0.158933663481 , 0.0525232422824 ,
4.76571587154 , 2.1781381388 , 0.984180129352 , 0.350690511915 , 0.182313798842 ,
6.10117731671 , 2.43017352129 , 0.30275536072 , 0.320305913213 , 0.0823550740245 ,
3.46839836551 , 1.35295638391 , 0.424186554996 , 0.199896453404 , 0.0976991206318 ,
6.68748334571 , 1.81185058765 , 0.778859753552 , 0.466127901901 , 0.218088786507 ,
0.290667127345 , 0.399441205898 , 0.239433229083 , 0.158933663481 , 0.0525232422824 ,
4.76571587154 , 2.1781381388 , 0.984180129352 , 0.350690511915 , 0.182313798842 ,
6.10117731671 , 2.43017352129 , 0.30275536072 , 0.320305913213 , 0.0823550740245 ,
5.79812911033 , 1.93296264369 , 0.333203389559 , 0.36659365144 , 0.0967291899061 ,
14.0829924576 , 2.35406807503 , 0.747027490748 , 0.57915874096 , 0.172066803905 ,
0.63879202476 , 0.351982077131 , 0.325159925094 , 0.146544777146 , 0.0777713399723 ,
12.4317710443 , 4.63920344877 , 1.22444877591 , 0.4595364424 , 0.171057176782 ,
13.0688349137 , 4.24686038095 , 0.498404948883 , 0.492051763551 , 0.0952584169079 ,
5.79812911033 , 1.93296264369 , 0.333203389559 , 0.36659365144 , 0.0967291899061 ,
14.0829924576 , 2.35406807503 , 0.747027490748 , 0.57915874096 , 0.172066803905 ,
0.63879202476 , 0.351982077131 , 0.325159925094 , 0.146544777146 , 0.0777713399723 ,
12.4317710443 , 4.63920344877 , 1.22444877591 , 0.4595364424 , 0.171057176782 ,
13.0688349137 , 4.24686038095 , 0.498404948883 , 0.492051763551 , 0.0952584169079 ,
5.79812911033 , 1.93296264369 , 0.333203389559 , 0.36659365144 , 0.0967291899061 ,
14.0829924576 , 2.35406807503 , 0.747027490748 , 0.57915874096 , 0.172066803905 ,
0.63879202476 , 0.351982077131 , 0.325159925094 , 0.146544777146 , 0.0777713399723 ,
12.4317710443 , 4.63920344877 , 1.22444877591 , 0.4595364424 , 0.171057176782 ,
13.0688349137 , 4.24686038095 , 0.498404948883 , 0.492051763551 , 0.0952584169079 ,
5.79812911033 , 1.93296264369 , 0.333203389559 , 0.36659365144 , 0.0967291899061 ,
14.0829924576 , 2.35406807503 , 0.747027490748 , 0.57915874096 , 0.172066803905 ,
0.63879202476 , 0.351982077131 , 0.325159925094 , 0.146544777146 , 0.0777713399723 ,
12.4317710443 , 4.63920344877 , 1.22444877591 , 0.4595364424 , 0.171057176782 ,
13.0688349137 , 4.24686038095 , 0.498404948883 , 0.492051763551 , 0.0952584169079 ,
5.79812911033 , 1.93296264369 , 0.333203389559 , 0.36659365144 , 0.0967291899061 ,
14.0829924576 , 2.35406807503 , 0.747027490748 , 0.57915874096 , 0.172066803905 ,
0.63879202476 , 0.351982077131 , 0.325159925094 , 0.146544777146 , 0.0777713399723 ,
12.4317710443 , 4.63920344877 , 1.22444877591 , 0.4595364424 , 0.171057176782 ,
13.0688349137 , 4.24686038095 , 0.498404948883 , 0.492051763551 , 0.0952584169079 ,
8.12121157912 , 1.96456329653 , 0.189411528521 , 0.405003178649 , 0.105892553926 ,
12.9666723363 , 1.56581021372 , 0.31920968891 , 0.513066233658 , 0.133676032244 ,
0.783967058263 , 0.277767711317 , 0.159138261618 , 0.156621114507 , 0.112507599905 ,
13.3446068804 , 2.88939815059 , 0.478731295442 , 0.55120249629 , 0.203315293048 ,
15.1880935065 , 3.53969231709 , 0.349838204056 , 0.637351697093 , 0.126719818207 ,
3.91042916384 , 0.858089047293 , 0.279178013198 , 0.179807420303 , 0.0826585464595 ,
6.38344223122 , 0.82471688738 , 0.233551896194 , 0.263192256597 , 0.0861099348266 ,
0.34728392331 , 0.272789611226 , 0.104861394074 , 0.172565203985 , 0.0810260690676 ,
5.68428648325 , 1.56515087118 , 0.272393029052 , 0.366763907 , 0.157168643856 ,
6.60718537544 , 1.8913489417 , 0.472644665923 , 0.330704691398 , 0.105097914569 ,
0.89419120829 , 0.241372040314 , 0.386719825267 , 0.0871933352752 , 0.0975710225103 ,
1.28389699761 , 0.376531178403 , 0.130029505519 , 0.274188163774 , 0.104633914382 ,
0.48826408641 , 0.357468164346 , 0.0663185448181 , 0.123959028844 , 0.0455606271117 ,
1.52054236904 , 0.781774087602 , 0.325454797908 , 0.327484509943 , 0.105035187281 ,
1.86467251063 , 0.528949849297 , 0.549831852317 , 0.15967446338 , 0.123391696168 ,
1.50211477051 , 0.397653875758 , 0.268203287118 , 0.137334087891 , 0.0956394314326 ,
0.911601568553 , 0.447058518078 , 0.160493997767 , 0.25397591947 , 0.102273016983 ,
0.513657469388 , 0.257477211455 , 0.102535554961 , 0.123327159099 , 0.0336035223868 ,
1.0647500118 , 0.362621042466 , 0.356154224887 , 0.317181946118 , 0.107907265644 ,
2.15217960235 , 0.471942674647 , 0.395715563804 , 0.193699765363 , 0.136945699597 ,
1.34825233963 , 0.883185051108 , 0.287799273567 , 0.212092095792 , 0.074721482079 ,
1.97898268955 , 1.02136203085 , 0.338805673756 , 0.127080229299 , 0.0985644801155 ,
0.409445187586 , 0.363007042173 , 0.164609730001 , 0.0954193952809 , 0.037577474787 ,
1.70467585381 , 1.09675623305 , 0.635670940299 , 0.306222792756 , 0.0768429704793 ,
1.90665775231 , 1.34808456517 , 0.445885422193 , 0.327098092665 , 0.0834577564305 ,
1.24112585569 , 0.655930588531 , 0.327388429035 , 0.195203193051 , 0.104918522441 ,
2.32728538983 , 1.05156885377 , 0.266257534296 , 0.143730951571 , 0.0790179915923 ,
0.217613527993 , 0.288134571695 , 0.129140403326 , 0.077640637612 , 0.0718925496932 ,
2.3705251683 , 1.16123611287 , 0.360826795115 , 0.32658931904 , 0.101756712774 ,
1.82269201011 , 1.11967394387 , 0.395750506817 , 0.270592134346 , 0.0831825856725 ,
1.31431217157 , 0.677960968107 , 0.314781936754 , 0.232652470809 , 0.0840838963212 ,
1.9487275837 , 1.01964138825 , 0.067336296714 , 0.108284119822 , 0.0583207990014 ,
0.180129488365 , 0.162822739907 , 0.202566952213 , 0.0923893445703 , 0.0714796997004 ,
2.36209251945 , 0.731453816088 , 0.236688979651 , 0.349817978746 , 0.118464534192 ,
2.04347979876 , 0.904331724811 , 0.49776025621 , 0.349890600837 , 0.114667704949 ,
1.04544038346 , 1.32175026785 , 0.452121884853 , 0.216632359893 , 0.0997509977086 ,
2.30824362192 , 1.27348738715 , 0.0945524791916 , 0.0785167088871 , 0.0927172855226 ,
0.236513251271 , 0.187842041226 , 0.240384829308 , 0.0553801885617 , 0.0706105005057 ,
2.0310630174 , 0.926871718628 , 0.352100508122 , 0.208316747601 , 0.11386506254 ,
2.13401017201 , 1.41872298573 , 0.53589672021 , 0.3578283656 , 0.0749857374897 ,
1.01695212414 , 1.05927112481 , 0.561605074051 , 0.411278237841 , 0.111642101242 ,
2.00170484361 , 0.931372421016 , 0.152099052355 , 0.137674427109 , 0.148828914689 ,
0.321444816962 , 0.183863496276 , 0.165942376931 , 0.0591690593194 , 0.0792796035336 ,
1.69567173804 , 0.831741574015 , 0.772899411494 , 0.407002718632 , 0.160164172696 ,
2.13969333654 , 1.45533258562 , 1.36592116509 , 0.778555015271 , 0.0767751110943 ,
1.26915243761 , 0.712387984767 , 0.662816864865 , 0.564709008402 , 0.115925189164 ,
2.78846383047 , 0.57874548496 , 0.139622777437 , 0.165597426661 , 0.153590446371 ,
0.474142919374 , 0.280310784192 , 0.148658114049 , 0.0826491596357 , 0.0787539102716 ,
1.86770936553 , 0.600846159587 , 0.956356546895 , 0.565021366081 , 0.151907073801 ,
2.10306987393 , 1.09127419155 , 1.74814569699 , 1.06914902348 , 0.165599858085 ,
2.49100663824 , 0.873003433891 , 0.549735388575 , 0.443387791501 , 0.132679669221 ,
3.34439324689 , 0.860557468901 , 0.0801598727847 , 0.189262297107 , 0.108182595957 ,
0.426526091464 , 0.429388297182 , 0.263149265709 , 0.1760006036 , 0.0686902709762 ,
3.42637873761 , 0.83332318018 , 0.465410772777 , 0.53030959694 , 0.0990661442897 ,
4.18658108622 , 1.30744250827 , 0.704580186231 , 1.02034073533 , 0.172990519332 ,
1.59216128046 , 0.852558025306 , 0.499311870578 , 0.610047190194 , 0.10194391305 ,
1.89048541658 , 0.635457238524 , 0.108349643647 , 0.152223647419 , 0.0937713882525 ,
0.721435067369 , 0.449914841471 , 0.255878446513 , 0.215121330446 , 0.0665021263797 ,
1.70034402462 , 1.35339483053 , 0.553400397816 , 0.66655780136 , 0.110727163315 ,
2.40345224602 , 1.56412360125 , 0.617976880091 , 1.22150115616 , 0.110560153119 ,
1.35933516398 , 0.583698901897 , 0.570632971035 , 0.507020191883 , 0.0866462436237 ,
2.18206480257 , 0.587283742449 , 0.240485006544 , 0.191158950723 , 0.101388258136 ,
0.634252973566 , 0.314235614443 , 0.175193127234 , 0.238284024972 , 0.0786085431563 ,
1.9093160247 , 0.710585233375 , 0.677568722117 , 0.54539692137 , 0.126199851232 ,
2.48885835771 , 0.660008772286 , 1.07386848691 , 0.762554108847 , 0.0922029501929 ,
1.25070700346 , 0.532891171963 , 0.381336115943 , 0.285443354854 , 0.109584904842 ,
4.01690532789 , 0.599481789508 , 0.353386959576 , 0.200867504524 , 0.0655238253777 ,
0.428169482615 , 0.40187087466 , 0.139046559551 , 0.174169563677 , 0.0945691919432 ,
2.06747215633 , 0.474329318389 , 0.367239192959 , 0.430503383723 , 0.14159768283 ,
2.67696999715 , 0.420135622933 , 0.789826615443 , 0.448679408679 , 0.0913592750845 ,
1.25824422782 , 0.272751452404 , 0.222014194076 , 0.233802359642 , 0.103870752517 ,
1.6311765145 , 0.256270409135 , 0.190545503165 , 0.166061344267 , 0.0610472838112 ,
0.624944446543 , 0.266874600232 , 0.0684202810386 , 0.0899761469467 , 0.0813926825895 ,
1.95340149526 , 0.566157717802 , 0.187017345508 , 0.394948871967 , 0.192978129414 ,
1.92568803546 , 0.443448629599 , 0.317506925689 , 0.379727764977 , 0.0873399639991 ,
0.991048442077 , 0.333018331725 , 0.242625601257 , 0.185494929033 , 0.102181835721 ,
0.461969439362 , 0.203427583449 , 0.249848088664 , 0.157233855356 , 0.0565198139151 ,
0.871941236852 , 0.221885344743 , 0.126984738688 , 0.0913261113083 , 0.0670851336553 ,
1.29279774698 , 0.78784070789 , 0.0998445316651 , 0.293987193284 , 0.201138498701 ,
1.20834444842 , 0.431653839645 , 0.195245103306 , 0.270328748471 , 0.108831695619 ,
0.829894044347 , 0.470438920262 , 0.237652221128 , 0.192237862959 , 0.127144354557 ,
0.571989535597 , 0.247932312522 , 0.163744101555 , 0.169112230164 , 0.0573201444946 ,
0.518965311067 , 0.236555421015 , 0.197486039902 , 0.05346920108 , 0.0840118848473 ,
0.758853191367 , 1.21176548833 , 0.174853453813 , 0.321168483145 , 0.217198935178 ,
0.593395300913 , 0.70794038457 , 0.212175035027 , 0.301252016712 , 0.0987014435648 ,
0.55998716966 , 0.595304229619 , 0.325078045306 , 0.222032863782 , 0.113947516052 ,
0.601136590812 , 0.261054095501 , 0.0861332196824 , 0.111519368903 , 0.0844965631484 ,
0.218878243675 , 0.171268213346 , 0.185698845989 , 0.0893188840154 , 0.0750599805162 ,
0.664467068869 , 0.92744153317 , 0.247830593147 , 0.248486557079 , 0.18705364695 ,
0.449924760338 , 0.628423153385 , 0.205954232619 , 0.277136283351 , 0.0674156006021 ,
1.17350832573 , 0.642697340769 , 0.48855714101 , 0.372020392543 , 0.103408812614 ,
1.04678458195 , 0.322121702643 , 0.130904057729 , 0.0864121718891 , 0.0794721778461 ,
0.536240963937 , 0.127462989585 , 0.260044966988 , 0.169360310416 , 0.0703251230792 ,
0.398848167407 , 0.537401294917 , 0.724375790169 , 0.282359567398 , 0.144021484925 ,
0.990541342834 , 1.09637855193 , 0.581473947686 , 0.303950845454 , 0.0814931992274 ,
1.91707354302 , 0.680850446477 , 0.315484124371 , 0.27368647058 , 0.103931626447 ,
0.84740605413 , 0.312459395614 , 0.152726227697 , 0.0914798121568 , 0.0580956464753 ,
0.654571930993 , 0.112488769283 , 0.227896262188 , 0.12165214461 , 0.0752792800225 ,
0.892767793946 , 0.267949130651 , 0.615426380574 , 0.376033120914 , 0.158768582344 ,
3.39126215758 , 1.19189220716 , 0.408141887949 , 0.193409354185 , 0.108262483982 ,
1.04822493154 , 0.724555176244 , 0.325507329522 , 0.186289693575 , 0.0937119722435 ,
0.651979280364 , 0.249177703548 , 0.248367412797 , 0.110185566529 , 0.0517592489618 ,
0.267641159893 , 0.1986298293 , 0.17723810037 , 0.0950084822368 , 0.0768650695236 ,
1.01579798111 , 0.276967064911 , 0.491279873848 , 0.303128066816 , 0.111966509312 ,
2.59038358085 , 0.729475826891 , 0.247067483579 , 0.150551569394 , 0.0956915453903 ,
0.483010828247 , 0.340113438218 , 0.204736611022 , 0.180641743737 , 0.0808948890582 ,
0.384763224916 , 0.335442288486 , 0.277740990019 , 0.174356772192 , 0.0813425033809 ,
0.197414718696 , 0.188072245667 , 0.188569459441 , 0.0623246533082 , 0.0847753576621 ,
1.04356589978 , 0.653105995303 , 0.635395609558 , 0.208614132957 , 0.109323686796 ,
0.788221543966 , 0.333605887322 , 0.280217723476 , 0.223170778171 , 0.0992360908406 ,
0.358603985688 , 0.2575217674 , 0.130430997413 , 0.202335442713 , 0.110718097268 ,
0.470925335397 , 0.236509337401 , 0.229804171202 , 0.24754770231 , 0.10524778308 ,
0.341802565636 , 0.191193976322 , 0.197494078609 , 0.0938418629591 , 0.10190588292 ,
0.680301032767 , 0.411406492592 , 0.609811934004 , 0.376366684214 , 0.106685542292 ,
0.704800092059 , 0.525684586326 , 0.313916458681 , 0.396719131675 , 0.121091530462 ,
0.726807854576 , 0.648852953347 , 0.213622554709 , 0.224374187471 , 0.11371237389 ,
0.511968369411 , 0.125315963495 , 0.3195092108 , 0.190990964367 , 0.109376120956 ,
0.696071022492 , 0.237568561127 , 0.167849239366 , 0.128868472761 , 0.0919853055928 ,
0.391222247515 , 0.32945318802 , 0.895339094751 , 0.360288069443 , 0.139594769215 ,
1.04329309035 , 0.949855632327 , 0.576354931781 , 0.41029127199 , 0.13068957101 ,
1.32622596507 , 0.656831303208 , 0.287175070146 , 0.172488817717 , 0.102052185276 ,
0.438820225792 , 0.0762960065857 , 0.21409080565 , 0.091066575027 , 0.104359719536 ,
0.516730789239 , 0.230987582682 , 0.220005143866 , 0.108251767496 , 0.0790637997063 ,
0.309168399428 , 0.338265190834 , 0.746016624746 , 0.298373265803 , 0.135704680953 ,
1.1420149017 , 0.760847111317 , 0.37781068869 , 0.303257120074 , 0.151932602979 ,
1.57379416909 , 0.285488428492 , 0.441802952056 , 0.211647969919 , 0.0669886611783 ,
0.453669779368 , 0.133391894763 , 0.264548060587 , 0.0621224998905 , 0.0687416254977 ,
0.438887856718 , 0.225083873801 , 0.216055558601 , 0.0966200917497 , 0.0758142293241 ,
0.382383508486 , 0.394344072802 , 0.59713055149 , 0.224980330368 , 0.114457832024 ,
1.37992661155 , 0.743411969522 , 0.477302205262 , 0.240094578208 , 0.118121357597 ,
1.85566126676 , 0.40389505263 , 0.172834866837 , 0.211987337563 , 0.0751450018402 ,
0.943523527729 , 0.292597345591 , 0.244096620303 , 0.117916093913 , 0.0695145339301 ,
0.375023261026 , 0.15571966236 , 0.147062132182 , 0.0805823259519 , 0.0496658450018 ,
0.703038881218 , 0.650912881819 , 0.331648723383 , 0.225885959202 , 0.10881905155 ,
1.39233130011 , 1.22130893455 , 0.236798881971 , 0.18463090387 , 0.0939436523678 ,
0.80111561199 , 0.553698233505 , 0.152182727948 , 0.138807332925 , 0.0973323663381 ,
0.557118409239 , 0.411646199058 , 0.155643718612 , 0.209908158253 , 0.0848200107307 ,
0.215198898427 , 0.170781017258 , 0.101618973709 , 0.116085838203 , 0.0435584195575 ,
0.652677353413 , 0.437376601585 , 0.205967739564 , 0.253116396011 , 0.100814671094 ,
1.23011962952 , 0.847351690636 , 0.128561832952 , 0.0898819723129 , 0.108271811109 ,
0.559014383837 , 0.525125439705 , 0.353664321864 , 0.172199295353 , 0.0648609518459 ,
0.491505117678 , 0.266560646798 , 0.0893642137446 , 0.186741400623 , 0.0597622567689 ,
0.167700793718 , 0.23900526037 , 0.0730627204771 , 0.0904365737411 , 0.0561090124731 ,
0.786945234556 , 0.24927532231 , 0.0757258659327 , 0.191100604496 , 0.115658227711 ,
0.800951576898 , 0.616634642234 , 0.313147060562 , 0.144076552737 , 0.109574735708 ,
0.578528627592 , 0.383854919911 , 0.351862621543 , 0.155166713293 , 0.0687640513371 ,
0.456871911823 , 0.166233900384 , 0.107571305884 , 0.150860679895 , 0.0613076727447 ,
0.206490888865 , 0.127504455199 , 0.130149599 , 0.0561033775537 , 0.0778799359467 ,
0.752953874123 , 0.306431224434 , 0.172740110013 , 0.19518907832 , 0.125014697757 ,
0.61990321256 , 0.845468151898 , 0.591849988616 , 0.245039297147 , 0.137619641198 ,
0.516736891352 , 0.316494449572 , 0.159530656946 , 0.179095795669 , 0.0856279108522 ,
0.396065292881 , 0.129221655389 , 0.0870644526123 , 0.110805631812 , 0.0618727999438 ,
0.32591969709 , 0.0652019357724 , 0.096120603182 , 0.0415318805349 , 0.0630391634577 ,
0.864831315743 , 0.317264190289 , 0.185083635069 , 0.179005917608 , 0.102870946498 ,
0.797076778283 , 0.731624820846 , 0.247306861952 , 0.371100799833 , 0.127764639242 ,
0.447188750687 , 0.265294235078 , 0.45003411248 , 0.315952921935 , 0.094456388899 ,
0.500133759137 , 0.138388085793 , 0.0976446259033 , 0.12757239754 , 0.0750511927558 ,
0.460323928022 , 0.164322632002 , 0.129917956359 , 0.122293983612 , 0.0510569513687 ,
0.980049614292 , 0.775209943756 , 0.210428539119 , 0.327083292257 , 0.087155002235 ,
0.953641668328 , 0.448805380802 , 0.110731244219 , 0.374317371213 , 0.159484235229 ,
0.913595584554 , 0.351128340128 , 0.632429509217 , 0.376016481325 , 0.103887629019 ,
0.368973990316 , 0.0645831464137 , 0.130852009692 , 0.177076876337 , 0.0938403562538 ,
0.414853025595 , 0.191071856878 , 0.169553837542 , 0.179080661447 , 0.0609128590219 ,
0.687395909482 , 1.37185469359 , 0.278670529982 , 0.222363518126 , 0.115528695902 ,
1.04465124053 , 0.425437653663 , 0.41214436392 , 0.415885581855 , 0.161990915184 ,
1.48729915176 , 0.251101480248 , 0.485166403944 , 0.181501395239 , 0.0775418311239 ,
0.446848019387 , 0.161230713308 , 0.108605769489 , 0.169526931274 , 0.112054678193 ,
0.3168782116 , 0.161979120562 , 0.0758557492671 , 0.107664415948 , 0.0762152773522 ,
0.265237115191 , 1.10951727669 , 0.458228488633 , 0.146607517566 , 0.0945712011202 ,
1.37156587834 , 0.421303166227 , 0.758118252622 , 0.345295655168 , 0.0899594770496 ,
0.824355268265 , 0.424070577778 , 0.252326507167 , 0.289749046544 , 0.0490153510756 ,
0.837404854876 , 0.455211155213 , 0.100361602061 , 0.142094897186 , 0.0661308453033 ,
0.485529145358 , 0.482593222564 , 0.164921550049 , 0.124373684022 , 0.069027743889 ,
0.341752225056 , 1.09091823182 , 0.251021882447 , 0.246966150228 , 0.104863215135 ,
1.04968878931 , 0.7442052532 , 0.531396748254 , 0.599808905893 , 0.0980550689702 ,
0.683541783169 , 1.01161097167 , 1.22004261136 , 0.488154990219 , 0.0606352715331 ,
0.868721060462 , 0.424667411775 , 0.194104079297 , 0.176832704654 , 0.0408377918244 ,
0.695962730909 , 1.52355743195 , 0.310951383895 , 0.115268491875 , 0.0637786006582 ,
0.784767677511 , 1.73066468172 , 0.220515907255 , 0.360013089032 , 0.0866410461543 ,
0.82731484698 , 1.48374767294 , 0.873416875871 , 0.676398524309 , 0.105379034515 ,
0.898461099529 , 1.37154014887 , 1.92355422401 , 0.915551417297 , 0.0826565109216 ,
0.292238839623 , 0.28451632508 , 0.209679368907 , 0.33016833388 , 0.0458035471481 ,
1.34751297888 , 1.72492603121 , 0.392349189773 , 0.138538092537 , 0.0555492784303 ,
1.45333228849 , 3.43288119525 , 0.463974447653 , 0.445169711485 , 0.0768570510083 ,
1.40222933288 , 2.39548629957 , 1.50427918036 , 0.90849485574 , 0.116129710973 ,
0.99999703883 , 0.909185981067 , 0.454734134478 , 0.822846513036 , 0.0695205077479 ,
0.401099109814 , 0.454357063162 , 0.175277556319 , 0.236074879481 , 0.0855591527605 ,
0.875259648368 , 1.07713620084 , 0.276099725693 , 0.218183248962 , 0.0658248651719 ,
1.73502923886 , 2.84840652306 , 0.300534759804 , 0.509407364711 , 0.10319077465 ,
1.78104916934 , 2.16758102812 , 0.570782925587 , 0.699280667673 , 0.118459603609 ,
1.22875163532 , 0.392058958006 , 0.144952193306 , 0.282349535603 , 0.0549459189944 ,
1.66686245928 , 0.898357586238 , 0.322548451217 , 0.147560428143 , 0.0964153331899 ,
0.60904698311 , 0.501297471368 , 0.216984535746 , 0.13586754448 , 0.0698842197526 ,
2.52854304044 , 2.26218004014 , 0.441267368111 , 0.360205183595 , 0.121478684669 ,
1.88759926224 , 0.896052531439 , 0.328767343596 , 0.362745553723 , 0.116707127377 ,
1.22875163532 , 0.392058958006 , 0.144952193306 , 0.282349535603 , 0.0549459189944 ,
1.66686245928 , 0.898357586238 , 0.322548451217 , 0.147560428143 , 0.0964153331899 ,
0.60904698311 , 0.501297471368 , 0.216984535746 , 0.13586754448 , 0.0698842197526 ,
2.52854304044 , 2.26218004014 , 0.441267368111 , 0.360205183595 , 0.121478684669 ,
1.88759926224 , 0.896052531439 , 0.328767343596 , 0.362745553723 , 0.116707127377 ,
2.60869024979 , 0.659694559993 , 0.386100468813 , 0.116780216304 , 0.0620149820328 ,
3.70066273888 , 1.21727188062 , 0.597787783698 , 0.186648221658 , 0.0933001210999 ,
0.758334346346 , 0.459927152468 , 0.217022168581 , 0.057007161713 , 0.070516437336 ,
3.82187375177 , 2.3313814085 , 0.978415128943 , 0.235325269729 , 0.138818677313 ,
2.92331019482 , 1.11827609605 , 0.750116371443 , 0.243260318054 , 0.116753004737 ,
2.60869024979 , 0.659694559993 , 0.386100468813 , 0.116780216304 , 0.0620149820328 ,
3.70066273888 , 1.21727188062 , 0.597787783698 , 0.186648221658 , 0.0933001210999 ,
0.758334346346 , 0.459927152468 , 0.217022168581 , 0.057007161713 , 0.070516437336 ,
3.82187375177 , 2.3313814085 , 0.978415128943 , 0.235325269729 , 0.138818677313 ,
2.92331019482 , 1.11827609605 , 0.750116371443 , 0.243260318054 , 0.116753004737 ,
2.8984010241 , 0.425855749718 , 0.757966046657 , 0.35171586179 , 0.1124636656 ,
2.05380663698 , 0.46588229454 , 0.204425196824 , 0.249149834309 , 0.127464935032 ,
0.598428737877 , 0.188855369437 , 0.111350205312 , 0.100355451546 , 0.0846686765961 ,
2.41342758533 , 0.537254425487 , 0.584728235132 , 0.435384649916 , 0.130942988053 ,
2.14799471663 , 0.758818046427 , 0.966264458056 , 0.590443678568 , 0.152270390218 ,
2.8984010241 , 0.425855749718 , 0.757966046657 , 0.35171586179 , 0.1124636656 ,
2.05380663698 , 0.46588229454 , 0.204425196824 , 0.249149834309 , 0.127464935032 ,
0.598428737877 , 0.188855369437 , 0.111350205312 , 0.100355451546 , 0.0846686765961 ,
2.41342758533 , 0.537254425487 , 0.584728235132 , 0.435384649916 , 0.130942988053 ,
2.14799471663 , 0.758818046427 , 0.966264458056 , 0.590443678568 , 0.152270390218 ,
1.93882589806 , 0.240149420876 , 0.889615467728 , 0.389363672795 , 0.143192955275 ,
0.463537268008 , 0.349551123971 , 0.135113330807 , 0.133409543121 , 0.112498532317 ,
0.265680464909 , 0.107843962291 , 0.189039244119 , 0.163451892641 , 0.0969596196362 ,
0.873510858616 , 0.132558021359 , 0.467614304658 , 0.489370152502 , 0.151888634468 ,
1.27288895553 , 0.424304619175 , 1.29964426744 , 0.676293309574 , 0.185916613335 ,
1.93882589806 , 0.240149420876 , 0.889615467728 , 0.389363672795 , 0.143192955275 ,
0.463537268008 , 0.349551123971 , 0.135113330807 , 0.133409543121 , 0.112498532317 ,
0.265680464909 , 0.107843962291 , 0.189039244119 , 0.163451892641 , 0.0969596196362 ,
0.873510858616 , 0.132558021359 , 0.467614304658 , 0.489370152502 , 0.151888634468 ,
1.27288895553 , 0.424304619175 , 1.29964426744 , 0.676293309574 , 0.185916613335 ,
1.93882589806 , 0.240149420876 , 0.889615467728 , 0.389363672795 , 0.143192955275 ,
0.463537268008 , 0.349551123971 , 0.135113330807 , 0.133409543121 , 0.112498532317 ,
0.265680464909 , 0.107843962291 , 0.189039244119 , 0.163451892641 , 0.0969596196362 ,
0.873510858616 , 0.132558021359 , 0.467614304658 , 0.489370152502 , 0.151888634468 ,
1.27288895553 , 0.424304619175 , 1.29964426744 , 0.676293309574 , 0.185916613335 ,
1.93882589806 , 0.240149420876 , 0.889615467728 , 0.389363672795 , 0.143192955275 ,
0.463537268008 , 0.349551123971 , 0.135113330807 , 0.133409543121 , 0.112498532317 ,
0.265680464909 , 0.107843962291 , 0.189039244119 , 0.163451892641 , 0.0969596196362 ,
0.873510858616 , 0.132558021359 , 0.467614304658 , 0.489370152502 , 0.151888634468 ,
1.27288895553 , 0.424304619175 , 1.29964426744 , 0.676293309574 , 0.185916613335 ,
1.33611750187 , 0.561710765879 , 0.769985519817 , 0.227886966527 , 0.0959179590497 ,
0.207913828923 , 0.251430998018 , 0.243006633695 , 0.0905742251981 , 0.0735983645525 ,
0.273225289372 , 0.221393914331 , 0.23592550024 , 0.155727059967 , 0.0935133381337 ,
0.447094155051 , 0.381314256258 , 0.52641117874 , 0.308237316404 , 0.112662646603 ,
1.1710946873 , 1.17420020206 , 1.362783428 , 0.356154054931 , 0.123906296858 ,
3.95343667036 , 0.44898608878 , 0.361188971403 , 0.227833105997 , 0.0870672156206 ,
0.155317612892 , 0.146756717503 , 0.344754201368 , 0.133277299302 , 0.0772032308238 ,
0.622364466204 , 0.298748114676 , 0.230874007262 , 0.177475007834 , 0.05504010298 ,
0.876280291702 , 0.48459743734 , 0.803190887574 , 0.270164707098 , 0.119370624215 ,
3.49517945974 , 0.805292893671 , 0.609005513198 , 0.366748218216 , 0.0951211323339 ,
3.83409390107 , 0.40309743898 , 0.28625301705 , 0.322213055238 , 0.0979205109847 ,
0.292156202777 , 0.134806077203 , 0.319532562203 , 0.168655426109 , 0.111834764103 ,
0.76944789396 , 0.298374474327 , 0.179808949357 , 0.158515721727 , 0.047135467803 ,
3.93989764733 , 0.401636256308 , 0.741996191354 , 0.23048945894 , 0.208313944753 ,
3.42714895974 , 0.511047621638 , 0.403316169835 , 0.458225046697 , 0.123610455719 ,
3.68162926725 , 0.978519566399 , 0.391544227985 , 0.203703776013 , 0.108024502506 ,
1.037105972 , 0.372590516429 , 0.414033767411 , 0.171284346243 , 0.102048018832 ,
0.927109662165 , 0.301836993201 , 0.0949548149795 , 0.122687108497 , 0.064426347093 ,
5.7034349442 , 0.59942472479 , 0.467078188442 , 0.165648996122 , 0.215479792488 ,
2.37125689055 , 1.18536520009 , 0.481044624167 , 0.30424661365 , 0.0841016368489 ,
3.51615754709 , 1.0000327978 , 0.447774230085 , 0.246820212352 , 0.117440736413 ,
2.74348978878 , 0.721527998018 , 0.269524222196 , 0.104074342365 , 0.0637242821797 ,
1.17985255405 , 0.174750338422 , 0.104395503866 , 0.145361047589 , 0.0723486003705 ,
3.39829167194 , 1.06345631792 , 0.48285580248 , 0.27239285976 , 0.221942997028 ,
3.67441345157 , 1.15679036653 , 0.472850173435 , 0.313998773401 , 0.095348486169 ,
2.27026164609 , 1.00971389344 , 0.487613359115 , 0.378928751534 , 0.119065971705 ,
3.31934725736 , 0.742991235162 , 0.272269987661 , 0.121969615193 , 0.0486283444431 ,
0.932154470036 , 0.178965188769 , 0.129061470284 , 0.101329903545 , 0.0501673090222 ,
4.18096782786 , 1.49175527998 , 0.316954551594 , 0.305449791128 , 0.160797414719 ,
3.63049524667 , 1.42660740931 , 0.374582909836 , 0.520546032367 , 0.0979519669997 ,
2.27026164609 , 1.00971389344 , 0.487613359115 , 0.378928751534 , 0.119065971705 ,
3.31934725736 , 0.742991235162 , 0.272269987661 , 0.121969615193 , 0.0486283444431 ,
0.932154470036 , 0.178965188769 , 0.129061470284 , 0.101329903545 , 0.0501673090222 ,
4.18096782786 , 1.49175527998 , 0.316954551594 , 0.305449791128 , 0.160797414719 ,
3.63049524667 , 1.42660740931 , 0.374582909836 , 0.520546032367 , 0.0979519669997 ,
2.27026164609 , 1.00971389344 , 0.487613359115 , 0.378928751534 , 0.119065971705 ,
3.31934725736 , 0.742991235162 , 0.272269987661 , 0.121969615193 , 0.0486283444431 ,
0.932154470036 , 0.178965188769 , 0.129061470284 , 0.101329903545 , 0.0501673090222 ,
4.18096782786 , 1.49175527998 , 0.316954551594 , 0.305449791128 , 0.160797414719 ,
3.63049524667 , 1.42660740931 , 0.374582909836 , 0.520546032367 , 0.0979519669997 ,
4.86013854937 , 1.45225496493 , 0.926735701793 , 0.509848359644 , 0.0812048344401 ,
11.7176344534 , 2.10302620182 , 0.313859983368 , 0.199461487701 , 0.0899021914363 ,
0.89603285672 , 0.174636392053 , 0.170846729247 , 0.128196182864 , 0.0685828386104 ,
14.5672935755 , 2.36673743428 , 0.668902960955 , 0.402066375817 , 0.137255222394 ,
9.71944695152 , 2.70923195992 , 0.983797966459 , 0.745421402234 , 0.0912614459107 ,
4.86013854937 , 1.45225496493 , 0.926735701793 , 0.509848359644 , 0.0812048344401 ,
11.7176344534 , 2.10302620182 , 0.313859983368 , 0.199461487701 , 0.0899021914363 ,
0.89603285672 , 0.174636392053 , 0.170846729247 , 0.128196182864 , 0.0685828386104 ,
14.5672935755 , 2.36673743428 , 0.668902960955 , 0.402066375817 , 0.137255222394 ,
9.71944695152 , 2.70923195992 , 0.983797966459 , 0.745421402234 , 0.0912614459107 ,
4.86013854937 , 1.45225496493 , 0.926735701793 , 0.509848359644 , 0.0812048344401 ,
11.7176344534 , 2.10302620182 , 0.313859983368 , 0.199461487701 , 0.0899021914363 ,
0.89603285672 , 0.174636392053 , 0.170846729247 , 0.128196182864 , 0.0685828386104 ,
14.5672935755 , 2.36673743428 , 0.668902960955 , 0.402066375817 , 0.137255222394 ,
9.71944695152 , 2.70923195992 , 0.983797966459 , 0.745421402234 , 0.0912614459107 ,
4.86013854937 , 1.45225496493 , 0.926735701793 , 0.509848359644 , 0.0812048344401 ,
11.7176344534 , 2.10302620182 , 0.313859983368 , 0.199461487701 , 0.0899021914363 ,
0.89603285672 , 0.174636392053 , 0.170846729247 , 0.128196182864 , 0.0685828386104 ,
14.5672935755 , 2.36673743428 , 0.668902960955 , 0.402066375817 , 0.137255222394 ,
9.71944695152 , 2.70923195992 , 0.983797966459 , 0.745421402234 , 0.0912614459107 ,
5.40384036644 , 1.12049046051 , 1.68231747069 , 0.806948621821 , 0.0946477623367 ,
10.6381930298 , 1.75517776654 , 0.488928303235 , 0.31348812531 , 0.170441949915 ,
0.78802881972 , 0.26623249301 , 0.141004056927 , 0.157485527559 , 0.0656224399153 ,
13.269620895 , 2.15198515472 , 1.15783241673 , 0.597258791148 , 0.218829083458 ,
10.1998166811 , 2.53268677318 , 1.90012963615 , 1.13008984386 , 0.139357814532 ,
4.37688756998 , 0.74294998496 , 0.650762823286 , 0.490041937884 , 0.0813645334978 ,
7.52029199683 , 0.759083482547 , 0.406906235913 , 0.208185796151 , 0.112741813299 ,
1.03921972868 , 0.393106891331 , 0.324037735903 , 0.123122038647 , 0.0567036832867 ,
9.59190491698 , 0.961888859837 , 0.661764032559 , 0.529947737078 , 0.163832908825 ,
7.53498931255 , 1.37809988583 , 0.836160286432 , 0.712536133641 , 0.141545677529 ,
2.07133377389 , 0.671525701082 , 0.641321664796 , 0.294949994519 , 0.086046700299 ,
2.41442134418 , 0.331571478622 , 0.553968797121 , 0.163291352257 , 0.0951405436838 ,
0.706628091993 , 0.311464723551 , 0.353633107402 , 0.0902157925621 , 0.061523805833 ,
5.31054924694 , 0.657387500165 , 1.23830758421 , 0.343976157561 , 0.119689243958 ,
4.24196396473 , 1.07367224782 , 1.07843418493 , 0.360140363787 , 0.126573048244 ,
1.25341845379 , 1.22300578057 , 0.379342636849 , 0.222596162989 , 0.0748016199156 ,
2.06170131609 , 0.334689574306 , 0.615304374981 , 0.150408642016 , 0.0791042772147 ,
0.564638840439 , 0.330971531814 , 0.240015895354 , 0.0662570335966 , 0.0610933228936 ,
1.90139621002 , 1.41213459634 , 1.28667762879 , 0.452432862005 , 0.140078909088 ,
2.33099955744 , 2.14245275816 , 0.514365326532 , 0.330531708257 , 0.0875563357643 ,
1.88496505275 , 1.79219344405 , 0.145466045548 , 0.161624782533 , 0.0644231259768 ,
1.48058025377 , 0.396145353706 , 0.260987740088 , 0.246644363807 , 0.0900024327217 ,
0.434605054153 , 0.293340824876 , 0.0812650270093 , 0.0935457124505 , 0.0690059871548 ,
0.818459127027 , 1.26484693968 , 0.658099315266 , 0.457280312389 , 0.131860411183 ,
1.77706140702 , 2.55000222597 , 0.21310195047 , 0.316718104428 , 0.0825658749035 ,
3.18050850021 , 1.73283070597 , 0.354779953077 , 0.22426967895 , 0.0744176514785 ,
1.39233309802 , 0.252675208735 , 0.18724567169 , 0.20420143091 , 0.0775657312281 ,
0.514554434073 , 0.138613417893 , 0.152074155698 , 0.0853787449473 , 0.059377194984 ,
0.830254752702 , 0.82319681324 , 0.546128865271 , 0.406672197467 , 0.118275343466 ,
2.43966638003 , 1.69742728155 , 0.3247466764 , 0.279862108131 , 0.0764379472143 ,
2.24923157933 , 1.14323322187 , 0.31613394409 , 0.290649232218 , 0.0790591851588 ,
1.10093351583 , 0.268170184254 , 0.140730229047 , 0.132885650377 , 0.0928662064784 ,
0.384969840278 , 0.162131383228 , 0.213560736476 , 0.0817877498882 , 0.0596692706134 ,
0.708415445582 , 0.477639715543 , 0.514761394458 , 0.318363209734 , 0.111776369359 ,
1.61220977198 , 1.1236010836 , 0.385223508554 , 0.224251376689 , 0.0575310830545 ,
2.49195998494 , 1.16809915047 , 0.601525567186 , 0.401090633265 , 0.0891109466992 ,
0.924302989321 , 0.422356349265 , 0.140912631662 , 0.125995765096 , 0.0846467211395 ,
0.530160645041 , 0.437951703206 , 0.272505156418 , 0.133425580583 , 0.0553327698157 ,
1.15363068025 , 1.22310865005 , 0.796272046886 , 0.591280628401 , 0.122825268741 ,
2.46094241102 , 1.50435509689 , 0.964975686469 , 0.491662666931 , 0.0676857934585 ,
4.89180468231 , 0.625002142714 , 1.13769047326 , 0.585173238628 , 0.114134756775 ,
1.89681303917 , 0.562232237128 , 0.0862013566236 , 0.195796648085 , 0.0653545821727 ,
0.806897728166 , 0.684295054263 , 0.291729451345 , 0.154647795764 , 0.0676171369996 ,
2.88607518057 , 1.87249967787 , 0.595703680673 , 0.585070846431 , 0.097006391829 ,
4.52725384311 , 1.10152301411 , 1.09892660563 , 0.700590257174 , 0.112574052522 ,
3.45647952293 , 0.556222574305 , 1.81072362219 , 0.458226786159 , 0.10906675026 ,
1.76314509861 , 0.788758470095 , 0.14623487271 , 0.213232792338 , 0.0787282512775 ,
1.103346758 , 0.796178364816 , 0.360527731515 , 0.156360101286 , 0.0977613093739 ,
3.18441369958 , 1.56187411246 , 0.461618643346 , 0.392719330066 , 0.132924460608 ,
3.56215256176 , 1.11294108856 , 1.06188196737 , 0.444714848886 , 0.132442766831 ,
0.861657732031 , 0.344738114176 , 0.688300567281 , 0.215933633926 , 0.0812579027996 ,
0.668602870786 , 0.27934777267 , 0.174920976275 , 0.116777623223 , 0.080672642702 ,
0.494718126333 , 0.487503818565 , 0.282666864798 , 0.141424195059 , 0.104592124267 ,
0.667602326125 , 0.62971752413 , 0.620150999031 , 0.237666259286 , 0.136127105916 ,
0.780607324392 , 0.630046058095 , 0.572937798247 , 0.321258003984 , 0.130445076031 ,
0.938656699768 , 0.34189690722 , 0.221227588253 , 0.39013973541 , 0.0763209580678 ,
0.330573101413 , 0.346397862954 , 0.0984740776338 , 0.112381782607 , 0.0735794038821 ,
0.364114546414 , 0.261212939792 , 0.186105823561 , 0.163125482816 , 0.0898023780798 ,
0.328639477615 , 0.328065633752 , 0.369509967529 , 0.43780705732 , 0.0841115632689 ,
0.804732534739 , 0.542120741195 , 0.209226483794 , 0.622954563999 , 0.105870008287 ,
2.90020459655 , 0.59716740778 , 0.419961030804 , 1.1046374394 , 0.123424779871 ,
0.330046985931 , 0.35649629053 , 0.080344813507 , 0.121718606309 , 0.0874534858365 ,
0.250829672845 , 0.208289672955 , 0.302076821062 , 0.265780511397 , 0.0622980736306 ,
0.610599945263 , 0.537629631719 , 0.621450434719 , 1.17339899671 , 0.0723567972478 ,
3.3376346056 , 1.11422989346 , 0.538377316907 , 1.50182444575 , 0.0832979464919 ,
2.90201818708 , 0.879274106218 , 0.32604032463 , 1.02127835549 , 0.128850560158 ,
0.369119005369 , 0.279235860342 , 0.0984519597635 , 0.143993376347 , 0.068893715187 ,
0.508218116818 , 0.33060162709 , 0.299153961905 , 0.276986575669 , 0.0711294981742 ,
1.29168164954 , 0.547974148866 , 0.751325025045 , 0.882135495902 , 0.0833287611421 ,
3.82007501949 , 1.35348361661 , 0.480075644962 , 1.39042313715 , 0.0840432854949 ,
1.85056919512 , 0.72408615587 , 0.204279119305 , 0.396635410462 , 0.0662598548406 ,
0.21090936996 , 0.16950535765 , 0.142094120249 , 0.245395203361 , 0.0508274926232 ,
0.455550265427 , 0.315149028336 , 0.219156229877 , 0.141214494483 , 0.0609245995132 ,
0.98334821398 , 0.521567603188 , 0.533918201837 , 0.398778155857 , 0.0710792221513 ,
2.67499743855 , 0.78153615415 , 0.259565304212 , 0.651563304773 , 0.0633338926717 ,
0.909775789035 , 0.541737399607 , 0.284518467852 , 0.269980357838 , 0.0560754301879 ,
0.295054617209 , 0.202319304221 , 0.168576766649 , 0.208901299833 , 0.0522429867696 ,
0.199782280308 , 0.429064337662 , 0.131256825255 , 0.110075178481 , 0.0542448785391 ,
0.902551226848 , 0.689137392665 , 0.236931506675 , 0.318561172127 , 0.0651996049618 ,
1.16363144766 , 0.647820665848 , 0.571648358155 , 0.472047485806 , 0.0622411005846 ,
0.666098998535 , 0.361042548273 , 0.754318876646 , 0.24391388322 , 0.0687903482945 ,
0.478557191012 , 0.276726462396 , 0.24657384829 , 0.208525333406 , 0.0403469540951 ,
0.268545219273 , 0.472905954667 , 0.0403047909167 , 0.0828291217512 , 0.0592029301197 ,
1.43378126021 , 0.90125261762 , 0.269845626917 , 0.213065860571 , 0.0651438721921 ,
1.08138908944 , 0.869426704739 , 0.761789662836 , 0.308076771173 , 0.0580463722148 ,
0.327608922325 , 0.435946613643 , 0.522574901714 , 0.181656531388 , 0.0592340072606 ,
0.377304090102 , 0.2829156488 , 0.230671082912 , 0.15573075955 , 0.0375077219479 ,
0.298088347108 , 0.398294625145 , 0.126468293155 , 0.0671639776282 , 0.0549659491294 ,
1.01994086401 , 0.959211774599 , 0.209179421242 , 0.216222130525 , 0.0593987151256 ,
0.714529877252 , 1.05246510586 , 0.432786300255 , 0.218812613785 , 0.0487220305617 ,
0.691230391932 , 0.565854716697 , 0.274811160483 , 0.244701092813 , 0.0765682598341 ,
0.275899391516 , 0.186804248902 , 0.112122157085 , 0.151701457993 , 0.0430756483331 ,
0.357631945661 , 0.310674910001 , 0.15637109839 , 0.0804812013814 , 0.0566942962887 ,
0.68182275179 , 0.474807496389 , 0.293728666663 , 0.210856524524 , 0.0695030958946 ,
1.13702795894 , 0.789463659251 , 0.424091159143 , 0.244268489221 , 0.0508992950818 ,
1.62019501765 , 0.640393008102 , 0.826860902954 , 0.281395084512 , 0.0902248980069 ,
0.239662489176 , 0.232269566544 , 0.189945016142 , 0.0949685167398 , 0.0555265016675 ,
0.28139739471 , 0.280788435594 , 0.103345128893 , 0.132999690543 , 0.0464324023902 ,
0.554747078873 , 0.339621370727 , 0.661661901776 , 0.267161100269 , 0.0882403728995 ,
2.97829201825 , 0.56582230865 , 0.714290921614 , 0.279788599742 , 0.0860826344566 ,
1.69335492563 , 1.04559823204 , 2.58092067766 , 0.613266856067 , 0.101499373086 ,
0.537873835379 , 0.453780503187 , 0.465170274739 , 0.115425467344 , 0.0634112887032 ,
0.669199348863 , 0.510514408596 , 0.213837913242 , 0.149518696491 , 0.0513461638956 ,
1.71910202298 , 1.06117566503 , 1.59065085081 , 0.29832288031 , 0.0927524985759 ,
2.59721505714 , 0.781735207273 , 1.01439633013 , 0.38245600673 , 0.105064538254 ,
1.52791109425 , 1.2265277853 , 2.60873076307 , 0.593110399966 , 0.0856423654719 ,
0.737075722398 , 0.339867228079 , 0.563195058439 , 0.152179176513 , 0.0577387978549 ,
1.46520880172 , 0.668090622718 , 0.392949166693 , 0.186902060776 , 0.0673623938628 ,
2.59819259597 , 1.53715997456 , 2.02149287977 , 0.495311563989 , 0.0591272003156 ,
1.85103165552 , 1.32708811241 , 1.43521863089 , 0.679728216709 , 0.102137499163 ,
2.4990493322 , 1.13359111098 , 1.08619390146 , 0.48069952722 , 0.0774744692637 ,
0.781962292592 , 0.13762024664 , 0.518472274269 , 0.191478470645 , 0.0454895818414 ,
0.823599075896 , 0.387556118428 , 0.237419909882 , 0.169914604488 , 0.0777236565993 ,
1.01598034188 , 0.731034370891 , 1.50489648654 , 0.481558362746 , 0.0562942394171 ,
2.10566877901 , 1.31801895765 , 1.42431701642 , 0.666328251614 , 0.0774985914583 ,
2.59035068597 , 0.875512074259 , 0.756547380106 , 0.614574729581 , 0.095292348088 ,
1.12802158833 , 0.259048503767 , 0.323107222866 , 0.179495629411 , 0.0597744175411 ,
1.7386974769 , 0.465626842783 , 0.306253729086 , 0.124686974641 , 0.0736275807783 ,
1.54745186696 , 0.911918005141 , 1.2369157919 , 0.666271216984 , 0.0824089791733 ,
2.81166129604 , 1.4188026523 , 1.23866942003 , 0.740286459143 , 0.0935571360958 ,
3.99604989672 , 0.75564971669 , 0.908848190901 , 0.580052133926 , 0.120122067319 ,
1.01526381296 , 0.419360341011 , 0.171752640584 , 0.134122075286 , 0.0902460915887 ,
3.17884344326 , 0.882368572478 , 0.631126768467 , 0.10515531309 , 0.0656795994559 ,
3.7246334669 , 2.39428914732 , 1.24353132965 , 0.435714896706 , 0.0955965562488 ,
4.29352742338 , 2.02028960746 , 1.30183502862 , 0.573433479677 , 0.130131100819 ,
3.49950874891 , 0.97880580891 , 1.50157480877 , 0.620501080694 , 0.140234658349 ,
0.558024991892 , 0.28814321277 , 0.132798107955 , 0.0823874398776 , 0.0525393052261 ,
1.59053001635 , 0.680085759679 , 0.457391314159 , 0.15181053551 , 0.0605566910859 ,
3.14924370239 , 1.45595022005 , 0.735667180891 , 0.227050115496 , 0.109061197543 ,
3.62673352636 , 1.49085147581 , 1.45840906588 , 0.46921117806 , 0.196607779436 ,
1.30407603566 , 0.340521328925 , 1.03104898268 , 0.26294630788 , 0.100192952583 ,
0.214252054897 , 0.252443316893 , 0.223801337386 , 0.140940912393 , 0.0477984411471 ,
0.255924601399 , 0.172729976356 , 0.191631648793 , 0.156878357127 , 0.0838245186022 ,
0.985762392161 , 0.462589873415 , 0.540177769772 , 0.191939984727 , 0.117551026945 ,
1.66427006631 , 0.341935765617 , 1.31035227008 , 0.229791055269 , 0.123016791314 ,
0.890251451144 , 0.273179902842 , 0.768396714709 , 0.277529785873 , 0.0698158787532 ,
0.178915740652 , 0.336060984388 , 0.571430955214 , 0.144337547418 , 0.0549263164697 ,
0.0813655683081 , 0.102060058865 , 0.216374758717 , 0.145085323835 , 0.0934997853354 ,
0.564222704743 , 0.408233049591 , 0.530593819594 , 0.330636389341 , 0.114355808789 ,
1.41294922189 , 0.206320223996 , 0.978209468923 , 0.27099974081 , 0.0718422045511 ,
1.26595620427 , 0.518942510537 , 0.737423158452 , 0.327355045744 , 0.0700728443382 ,
0.817036165224 , 0.316417680911 , 0.409662385093 , 0.086893717615 , 0.054732684713 ,
0.153965492008 , 0.309875045622 , 0.433532150265 , 0.258047275109 , 0.0927661028356 ,
1.57533012014 , 1.11557183245 , 0.587983603902 , 0.795624549934 , 0.125856613909 ,
2.60509059123 , 1.13568275472 , 1.11305286348 , 0.642289088866 , 0.0780776659328 ,
1.38767619215 , 1.36807911325 , 1.07286185401 , 0.293643294709 , 0.0908852160691 ,
1.11646691656 , 0.147158820401 , 0.141200256488 , 0.077615013084 , 0.0641376961479 ,
0.440983072948 , 0.568525422615 , 0.528049271549 , 0.272085145916 , 0.0691554987686 ,
2.60838821778 , 2.42058345621 , 0.653904053261 , 0.788994082166 , 0.0905567997154 ,
3.42322540001 , 2.77469631079 , 1.59259151654 , 0.717161181801 , 0.0906442329201 ,
0.973261725689 , 0.631084150346 , 0.672561079418 , 0.330973050708 , 0.0901897935971 ,
0.647000254888 , 0.055528384684 , 0.0567109887364 , 0.0955054871921 , 0.0690412485069 ,
0.542308207254 , 0.287638577278 , 0.350584438161 , 0.106438993328 , 0.0548204567654 ,
1.42335936635 , 0.889127261689 , 0.603324684298 , 0.35277635109 , 0.0948079752156 ,
1.92544457304 , 0.899555317547 , 1.05467672166 , 0.435578230987 , 0.098562478689 ,
1.2754359682 , 0.361181693361 , 0.422950771496 , 0.311653336744 , 0.0868931068553 ,
0.641310354285 , 0.126445265546 , 0.0660522821816 , 0.0866186661277 , 0.0670556794033 ,
0.589635378123 , 0.226844445016 , 0.159328775149 , 0.0687272113064 , 0.0468817024221 ,
1.08095830009 , 0.441889078715 , 0.361204571937 , 0.249391353575 , 0.0916347081589 ,
1.30715922305 , 0.435514998464 , 0.424877040232 , 0.292306533138 , 0.121310979761 ,
1.03705251441 , 0.4469288727 , 0.263330999531 , 0.44054029119 , 0.0783761488619 ,
0.516539758553 , 0.230730008925 , 0.074066196036 , 0.0501576358713 , 0.0558768999843 ,
0.392566491606 , 0.105164567429 , 0.0758375323735 , 0.0890873714712 , 0.0534757150444 ,
1.20290627561 , 0.508354447878 , 0.343458893921 , 0.321990249138 , 0.105372211061 ,
1.03437472882 , 0.542131863323 , 0.352242722692 , 0.434500355496 , 0.10563908805 ,
0.972853544457 , 0.253075407594 , 0.313158106905 , 0.49034136421 , 0.0830396517753 ,
0.515436535362 , 0.231271094693 , 0.14347820939 , 0.106061199055 , 0.0550818974079 ,
0.46605335967 , 0.0946238057428 , 0.0628143514438 , 0.172649205805 , 0.082731961581 ,
1.06178621982 , 0.934628344346 , 0.427722605352 , 0.58956785414 , 0.162034924417 ,
1.10885879863 , 0.257885644066 , 0.951101360672 , 0.934178885872 , 0.132366357376 ,
1.71218924239 , 0.63234860127 , 0.813311176514 , 0.449460221079 , 0.073121919195 ,
0.517339392452 , 0.15444072157 , 0.299999138985 , 0.160575406044 , 0.0648796533815 ,
0.530564102084 , 0.255367662475 , 0.117119367309 , 0.135069664753 , 0.0924988820356 ,
0.872558812022 , 1.20355010936 , 0.46399032512 , 0.511881595649 , 0.122498964178 ,
2.36009106311 , 0.721852346064 , 1.40549110008 , 0.827541007553 , 0.123253685328 ,
1.22128785684 , 0.586428148424 , 0.726942642793 , 0.260775803771 , 0.0911009987324 ,
0.368069187392 , 0.14577884273 , 0.263818153118 , 0.128252263619 , 0.0637534712471 ,
0.337638421128 , 0.325799906037 , 0.144624639121 , 0.0654347653545 , 0.10552840396 ,
0.603275018516 , 0.740252198114 , 0.193472394036 , 0.233714107513 , 0.077924045098 ,
2.44411103325 , 0.677503912915 , 0.651736384804 , 0.371945583996 , 0.104437678657 ,
0.491054457752 , 0.762155722215 , 0.461887612177 , 0.380552583447 , 0.104028926821 ,
0.33705330167 , 0.277782121906 , 0.180016619134 , 0.122325499743 , 0.0721512083163 ,
0.458785341535 , 0.376971285973 , 0.258740842687 , 0.06208569755 , 0.0874877358115 ,
0.384536857843 , 0.237919418018 , 0.168891547196 , 0.269359905204 , 0.0793118683976 ,
0.693801544914 , 0.864560251537 , 0.340709772488 , 0.416539297429 , 0.103872926048 ,
0.497326842806 , 0.66891705334 , 0.409799522098 , 0.481514358299 , 0.137778971567 ,
0.979093693436 , 0.315765468724 , 0.185426692045 , 0.144741841139 , 0.0674881938215 ,
0.266321177332 , 0.259354671427 , 0.60301831605 , 0.104015785798 , 0.0751136093509 ,
0.839946724737 , 0.454243849865 , 0.336371131109 , 0.310486992501 , 0.112398615223 ,
0.752749097496 , 0.98604434832 , 0.420257567633 , 0.502109731721 , 0.160590138388 ,
1.59379123456 , 0.933541296052 , 0.519669270637 , 0.397197646842 , 0.126494423775 ,
7.29671438717 , 1.05749323656 , 0.521936977624 , 0.166497160098 , 0.0897375827931 ,
0.664382884952 , 0.31915508019 , 0.484843914459 , 0.150465754256 , 0.0968954813091 ,
6.08902636726 , 1.72447571542 , 0.808130989121 , 0.301631437196 , 0.12342418352 ,
4.26684950476 , 1.89053594502 , 0.908188648939 , 0.519654113593 , 0.142754489874 ,
1.83613455688 , 1.10710532324 , 0.406566220736 , 0.313651709123 , 0.13941924543 ,
6.77320194554 , 1.95859159842 , 0.601089102335 , 0.30441915161 , 0.084050376103 ,
0.638300802361 , 0.34233645813 , 0.292571737603 , 0.126670294799 , 0.116092744975 ,
6.72714080062 , 1.9090356804 , 0.636810508382 , 0.327676617202 , 0.162056195408 ,
4.32193272015 , 2.14613075761 , 0.611233450412 , 0.393782679177 , 0.168736327152 ,
1.83613455688 , 1.10710532324 , 0.406566220736 , 0.313651709123 , 0.13941924543 ,
6.77320194554 , 1.95859159842 , 0.601089102335 , 0.30441915161 , 0.084050376103 ,
0.638300802361 , 0.34233645813 , 0.292571737603 , 0.126670294799 , 0.116092744975 ,
6.72714080062 , 1.9090356804 , 0.636810508382 , 0.327676617202 , 0.162056195408 ,
4.32193272015 , 2.14613075761 , 0.611233450412 , 0.393782679177 , 0.168736327152 ,
3.07659360373 , 1.50993125335 , 0.540405665535 , 0.346139331401 , 0.147262332878 ,
5.43335152929 , 5.94738969651 , 0.751438853858 , 0.478239452289 , 0.0951105476522 ,
0.445432779573 , 0.354200519673 , 0.192325929962 , 0.123742523841 , 0.107431854663 ,
5.36871524096 , 4.08917808325 , 0.805979027035 , 0.623401218503 , 0.217038029131 ,
6.65368211343 , 2.46954897678 , 0.649932403226 , 0.589590098974 , 0.172587168447 ,
3.72525259216 , 0.737907735069 , 0.307684036216 , 0.316379204148 , 0.130901392339 ,
5.46308128608 , 3.78918706726 , 0.55724697823 , 0.249523947962 , 0.129856151875 ,
0.394445836494 , 0.265717964512 , 0.108749308204 , 0.126215960008 , 0.0675405491685 ,
5.19057971706 , 2.61272472327 , 0.6028858797 , 0.564691304113 , 0.240526867236 ,
7.62863784637 , 1.40133303176 , 0.587852657365 , 0.641355557048 , 0.17025816154 ,
1.46196957085 , 0.69601780174 , 0.201105608879 , 0.339598617109 , 0.0920499475949 ,
1.94598833804 , 1.10886120518 , 0.394051060605 , 0.235736327339 , 0.0821407499895 ,
0.719515568311 , 0.237699811991 , 0.064542139198 , 0.104895279064 , 0.0766960985931 ,
2.06962197344 , 0.972885537396 , 0.59305501402 , 0.451137326966 , 0.12934234212 ,
2.2209426295 , 0.75230913469 , 0.343633869087 , 0.538757560867 , 0.130076389966 ,
1.70451409396 , 1.03756363681 , 0.510452833075 , 0.316051690258 , 0.0842213200864 ,
3.86546007536 , 0.761084472697 , 0.626179467437 , 0.180364669264 , 0.0624714359688 ,
1.02528599391 , 0.311725519635 , 0.213392684178 , 0.12564939278 , 0.10324515984 ,
2.38899732836 , 1.50498689744 , 1.1772535815 , 0.317677461782 , 0.154077732267 ,
1.91912107735 , 1.17914462544 , 1.01918120659 , 0.353036441165 , 0.105018260705 ,
2.59415247402 , 1.48748841678 , 0.782544729134 , 0.283979831131 , 0.0921077067866 ,
4.46125264604 , 1.59824112681 , 0.549875270299 , 0.127181273057 , 0.0681476168345 ,
0.627506547826 , 0.573026452803 , 0.367783005269 , 0.138425747571 , 0.081763069466 ,
3.93195811521 , 2.45446997417 , 1.1223887749 , 0.394559981981 , 0.132593846701 ,
2.56225752996 , 2.0043241135 , 1.66120108412 , 0.315903364559 , 0.169979596031 ,
1.75463508755 , 1.19000862846 , 0.414144710005 , 0.168531870486 , 0.0710127112936 ,
2.27089410503 , 0.880327117723 , 0.133295550736 , 0.11572703828 , 0.0899517175481 ,
0.384986567816 , 0.47475705725 , 0.23143140066 , 0.0787637002693 , 0.0543738009239 ,
3.03769328906 , 1.14545486581 , 0.528007723157 , 0.326096476639 , 0.0816143265057 ,
2.10930647623 , 1.38591153332 , 0.739349268157 , 0.206576544565 , 0.130685443759 ,
1.55238616704 , 0.811311515864 , 0.586961948782 , 0.309537061153 , 0.0580289303658 ,
0.40630997334 , 0.20184888658 , 0.11691187855 , 0.125388294135 , 0.0882251641833 ,
0.204673387695 , 0.180462668694 , 0.242848273774 , 0.143758994716 , 0.0692229072381 ,
0.870612980109 , 0.968934224275 , 0.551710710008 , 0.352384042066 , 0.0691231507503 ,
2.07738575198 , 1.16453884816 , 0.487299757259 , 0.302906772118 , 0.120793810727 ,
1.46848435551 , 0.763248785867 , 0.693954485729 , 0.523441279917 , 0.104806641153 ,
0.218397539296 , 0.158079206527 , 0.190011322978 , 0.163218256798 , 0.093975665314 ,
0.0734813102934 , 0.299422363344 , 0.45550938062 , 0.288976439425 , 0.0960692878419 ,
0.925895427368 , 1.40683898677 , 1.00142055871 , 0.57074524792 , 0.0788155404391 ,
2.26988250416 , 1.52621693237 , 0.785198029656 , 0.52689219945 , 0.212894193396 ,
1.46848435551 , 0.763248785867 , 0.693954485729 , 0.523441279917 , 0.104806641153 ,
0.218397539296 , 0.158079206527 , 0.190011322978 , 0.163218256798 , 0.093975665314 ,
0.0734813102934 , 0.299422363344 , 0.45550938062 , 0.288976439425 , 0.0960692878419 ,
0.925895427368 , 1.40683898677 , 1.00142055871 , 0.57074524792 , 0.0788155404391 ,
2.26988250416 , 1.52621693237 , 0.785198029656 , 0.52689219945 , 0.212894193396 ,
2.62625859978 , 0.408819500723 , 0.25449544839 , 0.342306601399 , 0.127753365897 ,
0.35598664857 , 0.153090845076 , 0.114917558367 , 0.110304125779 , 0.105217017407 ,
0.329180376554 , 0.317694817598 , 0.314298277582 , 0.294529181328 , 0.108564496752 ,
1.59138029394 , 0.822738554105 , 0.341819654378 , 0.265112623841 , 0.0879228743445 ,
2.73038514877 , 0.837228140069 , 0.421368053233 , 0.296181978753 , 0.230712364867 ,
